Frequency (GHz),Phase (deg)
10.0,159.88980102539062,159.7449493408203,155.90296936035156,159.71011352539062,159.44309997558594,158.24314880371094,159.96173095703125,159.60801696777344,161.9901580810547,162.39035034179688,158.53208923339844,161.02110290527344,157.90377807617188,160.55557250976562,156.61375427246094,156.06103515625
10.0005,155.39955139160156,154.14697265625,151.7254638671875,158.5690155029297,161.8369140625,165.964111328125,157.93629455566406,163.7792510986328,158.5569610595703,156.18905639648438,165.3420867919922,159.6138458251953,156.61834716796875,160.66847229003906,164.6646270751953,162.4888916015625
10.001,150.9499053955078,156.0301971435547,157.35678100585938,161.86935424804688,156.1825408935547,155.4823760986328,161.06466674804688,156.7363739013672,155.88275146484375,156.0459747314453,153.68560791015625,154.27783203125,158.1822967529297,156.6815643310547,153.63511657714844,159.06736755371094
10.0015,164.29515075683594,160.06063842773438,153.16209411621094,157.06561279296875,161.66404724121094,159.52789306640625,159.66983032226562,159.33575439453125,164.13258361816406,154.67771911621094,158.06146240234375,156.48507690429688,159.17918395996094,157.8365020751953,159.51268005371094,155.8201446533203
10.002,160.6215057373047,153.00282287597656,152.09149169921875,155.22064208984375,159.70693969726562,153.98834228515625,154.1641845703125,154.1883087158203,155.61328125,159.5546875,158.51475524902344,157.90626525878906,157.5880584716797,154.5071563720703,157.76779174804688,155.9540557861328
10.0025,154.79580688476562,161.8484649658203,158.55361938476562,158.03538513183594,155.35360717773438,156.5674285888672,160.37567138671875,153.71707153320312,157.17501831054688,160.3021697998047,159.58285522460938,159.85171508789062,151.369873046875,151.98361206054688,156.5348663330078,160.2227020263672
10.003,160.48263549804688,157.08941650390625,155.55918884277344,160.4458465576172,154.70225524902344,154.4302978515625,156.20408630371094,158.53700256347656,150.6148223876953,161.54127502441406,154.07846069335938,158.05322265625,154.61280822753906,159.10842895507812,158.24435424804688,154.8288116455078
10.0035,154.06019592285156,156.52391052246094,152.2006378173828,156.16885375976562,157.03466796875,158.3247833251953,156.57797241210938,154.77342224121094,157.78746032714844,156.17137145996094,155.55836486816406,153.51319885253906,149.9526824951172,153.84393310546875,158.05914306640625,153.85324096679688
10.004,161.74618530273438,159.63523864746094,153.3254852294922,151.62005615234375,154.7157440185547,156.61473083496094,156.54481506347656,155.0189971923828,155.8319091796875,146.17269897460938,156.24224853515625,150.23460388183594,157.61587524414062,158.26683044433594,158.6945037841797,160.70887756347656
10.0045,157.04440307617188,157.97804260253906,152.0762176513672,153.59457397460938,153.41600036621094,155.3988037109375,155.05056762695312,153.37649536132812,158.41522216796875,154.70518493652344,151.91880798339844,158.14443969726562,152.81390380859375,153.3571319580078,156.80592346191406,154.53407287597656
10.005,161.08599853515625,155.46961975097656,152.8683624267578,151.2846221923828,156.0401611328125,156.44235229492188,155.57640075683594,158.35440063476562,156.5418243408203,155.27163696289062,153.9530792236328,160.7601776123047,157.6425323486328,156.75636291503906,157.75204467773438,161.64312744140625
10.0055,156.76715087890625,154.68682861328125,158.54290771484375,153.32861328125,158.99905395507812,155.8323974609375,153.59417724609375,156.8296356201172,158.96621704101562,156.04490661621094,152.53286743164062,150.4006805419922,153.2351837158203,150.53521728515625,149.8717803955078,156.6263427734375
10.006,158.34710693359375,156.0963134765625,155.10292053222656,151.32395935058594,154.905517578125,155.17222595214844,152.9375457763672,153.55775451660156,152.09934997558594,155.0394744873047,158.05001831054688,150.058349609375,157.31683349609375,155.6358642578125,147.28506469726562,157.2499542236328
10.0065,159.5955047607422,157.80743408203125,160.76785278320312,153.12896728515625,156.50430297851562,148.4895782470703,150.6214599609375,156.1659698486328,152.7471466064453,151.92076110839844,152.73544311523438,151.73712158203125,153.52481079101562,152.58352661132812,155.14898681640625,157.26446533203125
10.007,150.88775634765625,157.64674377441406,158.3175048828125,157.20321655273438,151.08079528808594,154.58517456054688,150.4423370361328,151.26622009277344,145.27020263671875,156.14610290527344,155.6656036376953,146.0935516357422,154.51206970214844,147.20208740234375,154.50279235839844,154.2331085205078
10.0075,151.35194396972656,152.25015258789062,151.73297119140625,155.92413330078125,151.8126678466797,152.94186401367188,148.11602783203125,154.46656799316406,152.1565399169922,152.4813690185547,153.95167541503906,154.35989379882812,158.9594268798828,150.9462890625,148.74948120117188,149.1218719482422
10.008,153.08299255371094,156.78338623046875,156.47621154785156,151.4057159423828,151.6522979736328,152.61181640625,153.4296112060547,153.79173278808594,151.36224365234375,150.04429626464844,153.55877685546875,153.1838836669922,158.62440490722656,151.98800659179688,158.11903381347656,150.10409545898438
10.0085,149.1568603515625,156.96759033203125,147.8646697998047,153.717041015625,153.2595672607422,158.71200561523438,156.8341064453125,160.84873962402344,149.55615234375,153.16334533691406,157.6464080810547,151.44479370117188,154.2259521484375,151.3054962158203,150.00656127929688,162.26133728027344
10.009,153.7572784423828,157.5434112548828,150.64187622070312,156.63925170898438,147.95285034179688,154.92755126953125,154.52076721191406,152.0556182861328,154.27243041992188,152.2423553466797,154.90829467773438,153.02764892578125,150.3524627685547,150.9838104248047,151.16104125976562,157.12451171875
10.0095,152.72364807128906,151.154296875,149.82131958007812,151.345458984375,154.25039672851562,152.00299072265625,155.8013458251953,153.2245635986328,152.4655303955078,155.77267456054688,154.3555450439453,147.86000061035156,154.8277130126953,155.22459411621094,154.25950622558594,155.3314208984375
10.01,152.55819702148438,156.6079559326172,154.9329376220703,153.5352020263672,152.27734375,153.0060577392578,154.62303161621094,151.6915283203125,154.802734375,148.05322265625,155.1321563720703,149.85789489746094,153.72679138183594,152.02163696289062,152.29473876953125,148.51133728027344
10.0105,154.09669494628906,148.0050506591797,149.3444366455078,150.8208465576172,150.79397583007812,149.04580688476562,154.1735382080078,151.25857543945312,152.6790008544922,155.27700805664062,151.3021697998047,150.54098510742188,154.08160400390625,150.9483184814453,156.98289489746094,151.3986358642578
10.011,148.54830932617188,149.8140411376953,147.02584838867188,153.68841552734375,148.7962646484375,151.35752868652344,148.98284912109375,147.1397705078125,152.74728393554688,150.40322875976562,151.31658935546875,153.07168579101562,152.27708435058594,150.9085693359375,161.3975830078125,149.57485961914062
10.0115,153.22776794433594,147.4026336669922,147.61048889160156,150.04222106933594,149.90155029296875,150.9579315185547,145.424560546875,151.01524353027344,153.61795043945312,149.49205017089844,147.60812377929688,152.57040405273438,155.23016357421875,154.91456604003906,148.76048278808594,152.31394958496094
10.012,147.92910766601562,153.62823486328125,147.9212646484375,153.49044799804688,149.87062072753906,156.37405395507812,149.07666015625,150.37051391601562,155.3159637451172,155.1046905517578,148.76651000976562,150.10240173339844,143.7398681640625,150.70462036132812,157.46913146972656,149.3928680419922
10.0125,156.3765106201172,147.20388793945312,146.5109100341797,149.41908264160156,154.5617218017578,150.87547302246094,148.77371215820312,146.91595458984375,148.49667358398438,152.24832153320312,152.0618896484375,150.9834747314453,146.12452697753906,152.75390625,150.48435974121094,154.33445739746094
10.013,156.76416015625,152.90089416503906,149.8273468017578,146.02281188964844,150.14244079589844,148.26101684570312,154.5132293701172,149.96580505371094,146.56710815429688,150.33155822753906,147.55479431152344,147.2647247314453,151.40362548828125,148.97628784179688,154.9685821533203,152.354248046875
10.0135,146.91470336914062,151.20974731445312,147.05914306640625,155.05270385742188,153.3393096923828,151.69920349121094,146.4087677001953,154.4459991455078,152.94935607910156,150.04486083984375,145.26934814453125,150.93067932128906,147.13165283203125,151.65829467773438,144.7888946533203,150.79356384277344
10.014,150.0135040283203,148.93299865722656,151.30966186523438,150.49356079101562,146.6075897216797,146.99200439453125,146.50006103515625,141.52159118652344,144.40545654296875,148.1795654296875,145.64300537109375,142.10427856445312,146.4948272705078,143.29006958007812,149.2113494873047,144.96826171875
10.0145,145.49917602539062,147.06675720214844,149.29319763183594,145.99850463867188,145.76815795898438,145.10772705078125,149.41424560546875,144.88514709472656,147.7989501953125,148.83180236816406,153.66107177734375,146.66720581054688,149.5802764892578,149.34744262695312,146.8531036376953,148.34999084472656
10.015,146.2914276123047,146.69598388671875,151.05096435546875,155.49961853027344,149.62051391601562,150.51072692871094,146.0030975341797,146.43247985839844,147.13351440429688,147.5697021484375,150.6709747314453,145.79310607910156,143.7705078125,152.45046997070312,143.65232849121094,147.03749084472656
10.0155,146.9217987060547,152.0074920654297,149.79920959472656,148.4937286376953,147.50982666015625,145.10687255859375,148.53515625,143.95899963378906,140.0201873779297,151.4741668701172,145.46127319335938,150.17828369140625,151.3917236328125,145.2444305419922,145.6320037841797,147.16444396972656
10.016,147.23104858398438,146.79635620117188,146.73095703125,150.14468383789062,150.1779022216797,143.10089111328125,151.19406127929688,144.4620819091797,148.5092315673828,148.78553771972656,150.25384521484375,147.5278778076172,147.34535217285156,142.753662109375,147.2152099609375,143.2805938720703
10.0165,147.39947509765625,147.476318359375,148.0260467529297,150.53196716308594,148.81723022460938,151.86558532714844,148.3426513671875,153.44830322265625,147.4906768798828,143.38893127441406,146.94024658203125,145.8588104248047,140.18197631835938,145.217041015625,148.51852416992188,143.6809539794922
10.017,143.99850463867188,145.8699493408203,149.299560546875,149.66131591796875,152.92083740234375,154.7841339111328,149.0518798828125,144.25015258789062,148.18516540527344,147.23463439941406,148.1935577392578,152.1358642578125,148.69586181640625,151.23187255859375,152.7858428955078,141.13735961914062
10.0175,143.98300170898438,145.64190673828125,149.2994842529297,144.58399963378906,139.9888458251953,148.0404815673828,149.42774963378906,143.66981506347656,146.49880981445312,142.56898498535156,141.52659606933594,146.9278564453125,144.1919403076172,150.13645935058594,142.9989471435547,143.80203247070312
10.018,145.33558654785156,147.521728515625,152.78378295898438,150.53390502929688,147.40585327148438,142.47335815429688,147.75259399414062,147.8296356201172,147.31251525878906,146.525390625,147.40171813964844,143.94142150878906,144.76458740234375,151.1236114501953,151.18580627441406,143.7342071533203
10.0185,150.0303955078125,145.3872833251953,142.5651397705078,142.98297119140625,140.87843322753906,144.61221313476562,138.0925750732422,149.5780029296875,148.92369079589844,141.45997619628906,144.08631896972656,144.07737731933594,149.718017578125,149.4202880859375,148.73452758789062,149.8947296142578
10.019,149.25164794921875,150.4894561767578,150.25616455078125,147.2527618408203,144.7951202392578,146.1890411376953,144.02305603027344,147.8359375,148.0691375732422,144.35272216796875,151.48243713378906,146.15699768066406,145.5065460205078,146.8972930908203,142.67855834960938,148.65145874023438
10.0195,152.4656219482422,139.28857421875,146.33953857421875,148.3446807861328,142.9820556640625,144.3627471923828,148.2213134765625,146.75125122070312,143.82835388183594,144.24087524414062,148.38839721679688,142.43284606933594,140.91250610351562,147.8325653076172,152.47935485839844,153.31707763671875
10.02,147.80880737304688,142.3837127685547,145.68826293945312,149.354736328125,141.62257385253906,146.31414794921875,145.1164093017578,148.77157592773438,143.8326416015625,146.67779541015625,144.45484924316406,144.0664825439453,143.13555908203125,147.94876098632812,147.10755920410156,143.40142822265625
10.0205,142.63201904296875,145.21054077148438,146.568359375,142.99880981445312,141.3482666015625,144.075439453125,145.18359375,145.73301696777344,147.72512817382812,147.8667449951172,144.87905883789062,145.3330841064453,144.7945098876953,150.17239379882812,141.81431579589844,146.3101043701172
10.021,144.42030334472656,150.53033447265625,138.55868530273438,144.89454650878906,144.74830627441406,148.53207397460938,147.87074279785156,144.521728515625,142.54530334472656,144.93569946289062,147.07057189941406,146.00363159179688,143.75030517578125,144.35499572753906,150.8970489501953,143.26644897460938
10.0215,143.96142578125,138.48521423339844,143.1332244873047,145.1767578125,146.25491333007812,148.6204071044922,149.47792053222656,146.51576232910156,148.37701416015625,145.71461486816406,143.68568420410156,142.78578186035156,144.5978546142578,142.2945556640625,145.07870483398438,145.1930694580078
10.022,145.0891876220703,143.21636962890625,147.2986297607422,140.26478576660156,146.20396423339844,143.8950958251953,147.46743774414062,147.17965698242188,143.60638427734375,143.0936737060547,137.35926818847656,143.62557983398438,144.51124572753906,147.27944946289062,136.75979614257812,140.01145935058594
10.0225,142.99209594726562,143.28207397460938,140.9824981689453,143.6272735595703,144.84999084472656,142.53184509277344,143.3448028564453,148.56265258789062,138.9226531982422,144.48655700683594,144.75930786132812,144.41087341308594,145.4584197998047,145.34744262695312,141.52980041503906,144.90866088867188
10.023,149.67538452148438,144.59669494628906,141.44570922851562,144.74888610839844,142.62042236328125,142.3318328857422,146.60794067382812,144.2340545654297,142.05419921875,149.50852966308594,142.38320922851562,140.6483917236328,144.54061889648438,146.2023162841797,146.5247039794922,140.10665893554688
10.0235,145.774658203125,142.25843811035156,137.5487518310547,142.20541381835938,140.4364471435547,140.5491180419922,136.706298828125,145.2157440185547,138.33106994628906,144.6668701171875,146.04693603515625,140.1321563720703,144.3580322265625,144.21910095214844,138.8070526123047,140.60826110839844
10.024,143.07057189941406,145.04063415527344,144.52528381347656,142.49952697753906,140.3984832763672,145.5865936279297,143.45547485351562,143.93971252441406,144.18255615234375,147.9866180419922,142.16497802734375,147.34255981445312,147.24917602539062,142.4528045654297,141.21725463867188,149.3109893798828
10.0245,141.91567993164062,142.1527862548828,143.16067504882812,139.2449188232422,138.3806610107422,137.37222290039062,145.59567260742188,144.74057006835938,143.4805908203125,141.78981018066406,143.60589599609375,138.3353271484375,146.14535522460938,140.09292602539062,144.95916748046875,146.10499572753906
10.025,140.5624542236328,139.86782836914062,140.65460205078125,142.43304443359375,145.43508911132812,140.9391632080078,141.97276306152344,145.62835693359375,140.17869567871094,144.6173095703125,141.1222686767578,144.47576904296875,145.9427947998047,145.77713012695312,144.45108032226562,134.16578674316406
10.0255,139.70860290527344,143.5078887939453,143.47508239746094,142.39625549316406,141.60494995117188,141.24415588378906,142.1458282470703,141.9787139892578,139.9976806640625,140.71572875976562,144.25259399414062,144.64720153808594,140.0150146484375,142.11497497558594,138.1295166015625,144.04248046875
10.026,141.02842712402344,141.1089324951172,142.66000366210938,145.81333923339844,143.13577270507812,143.5115966796875,141.85816955566406,141.44386291503906,145.62379455566406,141.08656311035156,138.57652282714844,142.54983520507812,140.9701385498047,141.0293426513672,139.1506805419922,151.11529541015625
10.0265,141.8170928955078,135.35580444335938,143.80714416503906,143.04742431640625,142.3819122314453,141.75355529785156,143.5788116455078,139.08486938476562,145.09852600097656,141.41441345214844,139.0261993408203,142.8875732421875,138.218505859375,143.5634307861328,146.53390502929688,137.60787963867188
10.027,140.60060119628906,148.0483856201172,143.2015838623047,141.48049926757812,143.0794677734375,141.84255981445312,139.6026611328125,135.6102294921875,138.0321044921875,147.36976623535156,138.2224578857422,142.3912353515625,139.66439819335938,144.9963836669922,144.5032958984375,145.02976989746094
10.0275,141.2107391357422,140.0681915283203,143.35406494140625,144.89393615722656,144.19815063476562,140.05404663085938,139.01173400878906,145.85707092285156,140.01353454589844,137.46592712402344,142.18955993652344,141.02288818359375,138.2184600830078,139.98699951171875,136.039794921875,138.92742919921875
10.028,135.3799285888672,142.95309448242188,138.2584228515625,143.3009796142578,142.52438354492188,141.1678009033203,138.1283416748047,140.24012756347656,139.4857635498047,138.99990844726562,136.4612579345703,137.6830291748047,139.17906188964844,140.55364990234375,136.68028259277344,142.89712524414062
10.0285,139.150146484375,141.500244140625,141.38026428222656,138.3375244140625,138.98484802246094,139.2149200439453,135.8319091796875,142.12503051757812,139.85646057128906,136.0793914794922,146.4439239501953,140.8744659423828,135.49429321289062,141.2671661376953,140.74070739746094,133.82260131835938
10.029,135.57553100585938,141.44248962402344,140.39637756347656,139.329345703125,136.79087829589844,139.5791473388672,139.88235473632812,140.97848510742188,133.48556518554688,139.06468200683594,142.06509399414062,140.21519470214844,139.27218627929688,132.6640167236328,141.93295288085938,137.706298828125
10.0295,143.456787109375,139.06651306152344,144.6741943359375,139.11138916015625,139.30606079101562,138.1786651611328,134.8079071044922,138.58970642089844,139.0215606689453,141.62078857421875,140.6013641357422,136.6263885498047,137.27537536621094,136.04161071777344,142.36386108398438,138.91195678710938
10.03,137.97567749023438,139.6699981689453,133.85630798339844,139.619384765625,137.11831665039062,135.7598114013672,136.60621643066406,139.53030395507812,136.33163452148438,135.6703643798828,137.7449951171875,138.69937133789062,139.71717834472656,137.0147247314453,140.7787628173828,137.8477783203125
10.0305,138.49754333496094,139.07176208496094,141.77099609375,140.66798400878906,136.28692626953125,143.1048126220703,137.32449340820312,139.03463745117188,137.49960327148438,138.65750122070312,138.3625946044922,137.75314331054688,137.94601440429688,134.88259887695312,132.8094482421875,134.32029724121094
10.031,134.34185791015625,143.3168182373047,138.55490112304688,138.37721252441406,139.80592346191406,134.24249267578125,134.91339111328125,138.71414184570312,137.4617919921875,134.19541931152344,135.9914093017578,142.20372009277344,141.21148681640625,136.8596954345703,137.4259796142578,144.14797973632812
10.0315,134.26678466796875,137.6627197265625,133.42507934570312,138.97811889648438,136.63589477539062,137.721435546875,137.77137756347656,139.68003845214844,135.52444458007812,136.1904754638672,138.49539184570312,138.19827270507812,141.98280334472656,143.06480407714844,135.80104064941406,136.7701416015625
10.032,137.33274841308594,136.71450805664062,139.44805908203125,139.0428466796875,137.91812133789062,134.08062744140625,138.44235229492188,139.20008850097656,137.8885498046875,142.8133544921875,139.88241577148438,134.17141723632812,139.69337463378906,136.34385681152344,136.78192138671875,140.4929962158203
10.0325,138.15345764160156,136.64508056640625,138.92747497558594,135.2096710205078,141.42283630371094,136.0807647705078,140.03945922851562,140.4008331298828,138.6621856689453,135.60121154785156,132.87245178222656,131.0675048828125,135.3555450439453,138.48147583007812,139.9849853515625,136.62869262695312
10.033,136.37661743164062,134.3445281982422,134.30897521972656,137.0856475830078,135.43983459472656,140.94219970703125,141.6912841796875,134.05165100097656,140.69967651367188,138.98472595214844,135.90533447265625,138.57138061523438,133.80508422851562,136.00958251953125,135.30718994140625,140.78797912597656
10.0335,133.7784881591797,141.32667541503906,137.27696228027344,141.9904022216797,138.41744995117188,135.58547973632812,134.07107543945312,141.75335693359375,139.33441162109375,134.13282775878906,137.5096893310547,140.22149658203125,134.67848205566406,132.98960876464844,133.8910369873047,137.31297302246094
10.034,139.09524536132812,135.32855224609375,135.27235412597656,138.18655395507812,134.34283447265625,135.64093017578125,135.42611694335938,136.09378051757812,131.4853973388672,134.97621154785156,137.5648193359375,132.3987274169922,139.40492248535156,135.99044799804688,136.31077575683594,138.91188049316406
10.0345,132.65283203125,135.0113983154297,141.37680053710938,137.2618408203125,136.16552734375,136.2006072998047,137.46981811523438,136.0323944091797,130.875,138.9095001220703,138.3409881591797,133.47950744628906,135.6721649169922,132.42601013183594,139.83477783203125,135.66958618164062
10.035,131.7770233154297,134.74566650390625,136.58213806152344,132.54347229003906,138.6103515625,132.67327880859375,133.46871948242188,138.13214111328125,137.5732421875,136.03536987304688,143.4961395263672,134.6313934326172,131.94898986816406,132.68930053710938,136.8507843017578,138.66831970214844
10.0355,141.01080322265625,131.58633422851562,134.01426696777344,138.7209014892578,141.4873504638672,134.2397003173828,139.68238830566406,135.67672729492188,137.16580200195312,135.5779571533203,133.6388702392578,134.041259765625,134.42640686035156,137.1940155029297,132.33055114746094,137.84310913085938
10.036,134.19078063964844,131.0038299560547,135.22012329101562,136.09185791015625,136.21583557128906,132.44969177246094,131.17129516601562,136.17001342773438,131.01177978515625,129.76377868652344,130.85411071777344,133.98434448242188,133.38230895996094,135.22779846191406,135.00230407714844,134.52774047851562
10.0365,134.41436767578125,134.1542510986328,134.3180389404297,135.64427185058594,134.19642639160156,137.14889526367188,130.9878387451172,136.83631896972656,132.28591918945312,134.1311798095703,139.86474609375,135.30186462402344,133.54971313476562,135.58570861816406,131.08334350585938,134.7791290283203
10.037,136.6520233154297,138.27975463867188,133.1053924560547,134.3542938232422,134.7223358154297,137.32440185546875,128.17250061035156,133.61720275878906,137.5582275390625,134.82894897460938,134.75430297851562,139.14590454101562,128.2697296142578,132.73611450195312,134.77813720703125,129.43556213378906
10.0375,135.09988403320312,133.48912048339844,133.33279418945312,132.77755737304688,137.0699462890625,134.29908752441406,136.24435424804688,132.67050170898438,133.06158447265625,128.0477752685547,134.06431579589844,134.2528076171875,133.66258239746094,134.44630432128906,133.0369873046875,136.07623291015625
10.038,127.48758697509766,125.23345947265625,131.59506225585938,126.05288696289062,138.50653076171875,131.42251586914062,134.9894256591797,134.23272705078125,132.167236328125,138.1618194580078,132.0620574951172,134.72451782226562,133.23268127441406,134.3720245361328,133.11947631835938,137.1585235595703
10.0385,135.35501098632812,133.7184600830078,131.32498168945312,132.3978729248047,132.60458374023438,133.34962463378906,132.13931274414062,135.6470489501953,134.58518981933594,135.16094970703125,123.96466827392578,131.42752075195312,134.1597137451172,126.20393371582031,134.75411987304688,133.64242553710938
10.039,129.2715606689453,130.63363647460938,136.78565979003906,137.4517059326172,132.25628662109375,136.13070678710938,127.66065979003906,131.06887817382812,133.9208526611328,133.30943298339844,131.41258239746094,131.92922973632812,130.25912475585938,131.8283233642578,133.10629272460938,133.3956756591797
10.0395,134.08993530273438,131.94334411621094,137.029052734375,134.99000549316406,133.67672729492188,128.26541137695312,127.76959991455078,135.5790557861328,127.14031219482422,131.4457244873047,130.86302185058594,135.28079223632812,132.67572021484375,135.13226318359375,131.29478454589844,134.96099853515625
10.04,130.9102783203125,128.99887084960938,135.7552490234375,133.78367614746094,130.49472045898438,133.7047576904297,133.51710510253906,132.1600799560547,133.9376678466797,126.17547607421875,136.5067138671875,133.338134765625,131.07046508789062,129.1901397705078,130.480224609375,135.16546630859375
10.0405,129.09976196289062,133.49374389648438,134.6402130126953,134.1685333251953,129.99017333984375,132.8313446044922,130.0093536376953,130.6064453125,133.45437622070312,134.134765625,136.92210388183594,129.1026153564453,133.14356994628906,134.04090881347656,126.22769927978516,130.09823608398438
10.041,130.01947021484375,123.77522277832031,129.8295135498047,134.15890502929688,130.244873046875,126.50846099853516,131.20877075195312,132.5897979736328,129.2500762939453,134.86276245117188,132.94667053222656,132.416259765625,128.1749267578125,131.1215057373047,133.87977600097656,131.00875854492188
10.0415,134.2402801513672,133.0620574951172,129.49395751953125,125.52297973632812,131.81553649902344,128.87815856933594,131.84754943847656,129.8549346923828,129.7710418701172,134.06362915039062,130.74212646484375,129.50193786621094,131.74537658691406,128.24124145507812,130.3226318359375,130.3422393798828
10.042,128.4598846435547,133.8182830810547,120.96330261230469,131.5774383544922,140.55519104003906,127.71051025390625,128.34230041503906,133.88136291503906,130.0034637451172,133.04359436035156,124.63091278076172,130.43087768554688,129.27542114257812,130.30950927734375,125.76422119140625,128.93975830078125
10.0425,124.87517547607422,126.6540298461914,130.35255432128906,132.1210479736328,130.80572509765625,132.6616973876953,129.6703338623047,129.6943817138672,129.18356323242188,135.39492797851562,129.80625915527344,131.73486328125,126.36011505126953,130.6262969970703,129.2857208251953,131.613525390625
10.043,126.75032043457031,127.49009704589844,134.7235565185547,131.82225036621094,131.3385467529297,126.53914642333984,132.08401489257812,133.9672393798828,133.4525146484375,132.47467041015625,127.92693328857422,125.74227905273438,130.75132751464844,127.62074279785156,129.502197265625,124.73960876464844
10.0435,130.4776611328125,127.39494323730469,126.84455108642578,130.92848205566406,126.53380584716797,126.85479736328125,126.17041015625,133.52210998535156,125.76241302490234,128.2932891845703,134.00364685058594,126.0337142944336,124.29561614990234,126.23030853271484,126.99295806884766,128.2664031982422
10.044,127.80756378173828,131.98196411132812,130.594482421875,129.95028686523438,130.6783905029297,136.16741943359375,129.0100555419922,130.31295776367188,124.91820526123047,125.5699691772461,132.1786346435547,128.3652801513672,126.930908203125,126.12299346923828,124.79106903076172,129.98318481445312
10.0445,129.93511962890625,128.22824096679688,121.00297546386719,128.7433624267578,127.00000762939453,126.55967712402344,128.42041015625,126.86176300048828,120.76737213134766,130.43307495117188,123.56822967529297,126.88294982910156,128.12582397460938,129.2118682861328,129.8391876220703,123.39863586425781
10.045,131.78799438476562,120.8936767578125,133.22337341308594,126.63011932373047,129.0618896484375,133.3926544189453,131.2318115234375,130.7381134033203,131.3083038330078,128.2266845703125,129.3539581298828,125.67208099365234,124.2081069946289,129.3724822998047,129.4420623779297,126.4001235961914
10.0455,127.94584655761719,134.4116973876953,127.34063720703125,127.38642883300781,128.88926696777344,127.27510070800781,134.21817016601562,126.02533721923828,131.58985900878906,130.02423095703125,125.31290435791016,125.1026840209961,125.29945373535156,129.3399658203125,128.3755645751953,133.40980529785156
10.046,125.48666381835938,125.8846206665039,124.53360748291016,123.1707534790039,121.3467788696289,127.32815551757812,125.88455200195312,126.434326171875,124.55876922607422,125.3176498413086,130.71466064453125,125.2804946899414,130.13763427734375,133.1272735595703,127.60152435302734,125.4343490600586
10.0465,123.88478088378906,123.01885223388672,120.37156677246094,127.63738250732422,125.10391998291016,126.78075408935547,125.74334716796875,126.24100494384766,128.12440490722656,122.0814208984375,129.333251953125,121.07679748535156,127.34082794189453,132.09103393554688,129.08355712890625,131.7405548095703
10.047,126.54553985595703,129.02023315429688,129.5931854248047,128.28439331054688,127.9759292602539,126.53619384765625,128.05654907226562,124.49496459960938,124.7696762084961,123.6637954711914,126.66585540771484,125.67109680175781,125.3871078491211,126.90913391113281,124.09709167480469,131.2810516357422
10.0475,127.16712951660156,129.2661590576172,125.96224975585938,126.33760070800781,127.62640380859375,117.51493835449219,126.21349334716797,129.69479370117188,131.56077575683594,123.10076904296875,124.48013305664062,130.29608154296875,125.37358856201172,126.63654327392578,130.29278564453125,122.80559539794922
10.048,126.36064147949219,120.10875701904297,123.03302764892578,123.11399841308594,117.64000701904297,121.96971893310547,120.3820571899414,127.2315902709961,126.9889144897461,125.14966583251953,123.1467514038086,124.38170623779297,124.75198364257812,123.33753204345703,126.46416473388672,127.41867065429688
10.0485,121.50263214111328,126.16282653808594,126.42827606201172,129.47842407226562,123.90937042236328,122.87308502197266,124.0616455078125,127.69120788574219,131.8655242919922,129.3250274658203,119.94483184814453,126.09489440917969,123.46617126464844,127.89713287353516,123.19348907470703,129.17715454101562
10.049,127.0940170288086,126.9334487915039,127.51579284667969,125.99942016601562,122.29051971435547,122.24703979492188,122.6458511352539,118.31965637207031,127.65047454833984,127.84326171875,123.02422332763672,124.48123931884766,126.09048461914062,125.85614013671875,123.10765838623047,127.3885498046875
10.0495,124.77941131591797,121.58605194091797,126.53768157958984,122.2249755859375,120.52840423583984,122.57121276855469,124.91881561279297,129.73782348632812,127.13621520996094,125.56451416015625,122.44561004638672,126.002197265625,126.05770111083984,121.05477905273438,123.93275451660156,121.76295471191406
10.05,122.37187957763672,119.96641540527344,123.79334259033203,120.91510009765625,126.17526245117188,127.04952239990234,130.0408935546875,124.81953430175781,120.16175842285156,122.76366424560547,125.97501373291016,128.62350463867188,129.3426055908203,123.24256896972656,124.90394592285156,123.2319564819336
10.0505,122.92750549316406,126.56527709960938,122.63290405273438,125.68414306640625,126.20059967041016,124.6209945678711,123.92327880859375,122.20663452148438,120.8851547241211,127.78107452392578,126.21224975585938,120.21764373779297,126.23175811767578,122.07843017578125,124.89141845703125,120.32734680175781
10.051,125.52167510986328,122.23770904541016,121.40878295898438,127.5379638671875,128.4897003173828,125.01558685302734,124.67407989501953,121.31228637695312,123.89591217041016,124.0469741821289,119.2728500366211,119.86705780029297,124.58954620361328,125.52616119384766,122.64006042480469,122.7923355102539
10.0515,123.25524139404297,123.87382507324219,121.24931335449219,120.28431701660156,125.15096282958984,121.06053924560547,127.31733703613281,126.59002685546875,119.61274719238281,125.3539810180664,121.55696868896484,122.37368774414062,126.4168701171875,125.975830078125,124.14155578613281,122.23094940185547
10.052,125.19538879394531,119.3964614868164,119.44329833984375,122.09149169921875,129.5482177734375,124.12602233886719,125.65663146972656,126.50811004638672,122.95417022705078,124.82369995117188,124.69810485839844,123.46670532226562,125.2673110961914,125.86322784423828,127.20167541503906,128.06617736816406
10.0525,121.80612182617188,118.5347671508789,120.89082336425781,118.20500183105469,119.44148254394531,122.38644409179688,120.2812728881836,117.98239135742188,124.98612213134766,118.46659851074219,117.26716613769531,123.0138931274414,117.88697814941406,125.2476806640625,121.46734619140625,119.43931579589844
10.053,123.79607391357422,124.57450866699219,124.46790313720703,125.70747375488281,116.99807739257812,121.13975524902344,124.54825592041016,119.67449188232422,120.26185607910156,126.04721069335938,119.83838653564453,127.57242584228516,123.64605712890625,126.39225769042969,123.05049896240234,122.75807189941406
10.0535,122.55035400390625,127.2799072265625,124.55643463134766,121.22704315185547,125.27191162109375,123.645751953125,128.89828491210938,120.19283294677734,119.47303771972656,121.54875183105469,121.20572662353516,119.44095611572266,124.75587463378906,124.12860870361328,121.44102478027344,125.19331359863281
10.054,121.66339874267578,125.93077850341797,117.93970489501953,124.05176544189453,120.30196380615234,123.78656768798828,129.19485473632812,120.40545654296875,119.92169189453125,122.87555694580078,118.66411590576172,129.9244384765625,119.62774658203125,119.31404876708984,121.58345794677734,119.67691040039062
10.0545,125.08417510986328,121.09209442138672,124.94747924804688,120.27963256835938,121.28492736816406,120.12187957763672,124.14628601074219,127.837646484375,120.97907257080078,116.11894226074219,126.8269271850586,126.70561218261719,120.04769134521484,117.47822570800781,125.07152557373047,117.8595199584961
10.055,117.5651626586914,119.23763275146484,121.46770477294922,122.01078033447266,120.51624298095703,122.02826690673828,116.75819396972656,118.78436279296875,124.03507232666016,126.66853332519531,118.04351043701172,120.91648864746094,122.35611724853516,117.94944763183594,124.30155944824219,119.87757873535156
10.0555,121.76734161376953,117.24114990234375,124.16173553466797,119.23350524902344,122.31934356689453,121.61084747314453,118.7859115600586,122.30004119873047,117.43595123291016,122.65899658203125,119.52467346191406,128.0209197998047,120.88862609863281,120.15045928955078,122.79790496826172,119.23921966552734
10.056,124.6948013305664,124.63581848144531,123.41120147705078,118.10028076171875,121.60517883300781,124.168701171875,119.54378509521484,121.13652038574219,112.5392074584961,118.93016052246094,122.16818237304688,121.38903045654297,121.14784240722656,123.44060516357422,123.61709594726562,121.86898803710938
10.0565,120.30469512939453,122.13322448730469,123.62390899658203,124.4579849243164,114.46884155273438,121.73208618164062,122.65738677978516,120.09391784667969,123.89920806884766,120.01549530029297,120.14434051513672,120.21324157714844,118.84245300292969,124.40660858154297,128.84588623046875,120.25325012207031
10.057,117.20865631103516,118.10358428955078,118.7137680053711,117.77301025390625,122.56082916259766,121.63603973388672,117.60160827636719,118.78472137451172,119.24207305908203,118.97976684570312,122.66749572753906,116.46143341064453,116.85918426513672,116.96482849121094,122.30095672607422,124.26443481445312
10.0575,116.20352172851562,120.79878234863281,117.08793640136719,123.70008087158203,119.0921630859375,121.04798889160156,121.10650634765625,128.26295471191406,115.9846420288086,120.96891784667969,120.86193084716797,122.08705139160156,120.11204528808594,119.33753967285156,121.2607192993164,119.05665588378906
10.058,123.6761474609375,114.03497314453125,123.48576354980469,121.81593322753906,123.41941833496094,124.87061309814453,118.96591186523438,122.73693084716797,115.51347351074219,121.74092102050781,122.17639923095703,122.21674346923828,121.17039489746094,125.00634002685547,120.36966705322266,116.6286392211914
10.0585,122.03410339355469,123.11683654785156,117.76239013671875,121.76667022705078,120.9057846069336,124.6863021850586,122.27713012695312,129.44798278808594,120.62599182128906,116.87710571289062,117.66349029541016,113.91544342041016,121.26436614990234,119.75970458984375,122.29397583007812,120.99524688720703
10.059,124.06214904785156,111.80097961425781,123.62791442871094,121.35799407958984,116.47171783447266,117.19910430908203,125.78772735595703,113.78315734863281,120.65855407714844,117.92765808105469,119.18585968017578,119.48051452636719,117.75991821289062,113.27671813964844,122.08513641357422,115.33000946044922
10.0595,118.35057830810547,122.14594268798828,121.6895980834961,123.64115142822266,115.10979461669922,121.18357849121094,120.12554168701172,116.7476577758789,115.31861877441406,117.75430297851562,117.38226318359375,117.33692932128906,120.38282012939453,122.29003143310547,122.37621307373047,117.05793762207031
10.06,114.5230712890625,128.45106506347656,114.76044464111328,116.81423950195312,120.16124725341797,120.99951934814453,119.48689270019531,118.7005844116211,124.12975311279297,121.89862060546875,118.86720275878906,114.90693664550781,123.85678100585938,114.45003509521484,112.27973937988281,119.67119598388672
10.0605,114.50115966796875,114.596923828125,119.91706848144531,119.3853530883789,125.50069427490234,116.808349609375,122.94194030761719,123.46207427978516,120.76038360595703,114.67606353759766,119.87088775634766,124.97554016113281,111.36490631103516,111.36287689208984,116.31287384033203,119.89376831054688
10.061,118.46967315673828,114.4043197631836,125.2283935546875,118.80772399902344,124.7835922241211,113.4643325805664,118.91788482666016,116.7269515991211,123.98905181884766,116.55482482910156,118.8418197631836,118.92305755615234,120.13201904296875,115.85653686523438,122.32487487792969,125.27633666992188
10.0615,118.48426055908203,122.65483093261719,116.0318374633789,115.32469940185547,118.65763854980469,116.31368255615234,118.09644317626953,115.53012084960938,117.99006652832031,115.88742065429688,121.20368957519531,117.01554870605469,119.33779907226562,112.97364807128906,112.4319839477539,116.16532897949219
10.062,115.11528778076172,119.68363952636719,118.72525787353516,117.55535888671875,118.3388900756836,115.56405639648438,123.37273406982422,116.84098815917969,115.56092834472656,114.04850006103516,115.12858581542969,120.04979705810547,111.02446746826172,121.9752426147461,114.19097137451172,121.22064208984375
10.0625,113.30686950683594,117.34226989746094,115.59058380126953,119.22776794433594,120.95006561279297,118.41990661621094,114.18333435058594,113.5622787475586,113.71916961669922,117.1177978515625,116.45443725585938,117.10616302490234,120.91191864013672,122.86558532714844,113.6143569946289,114.89446258544922
10.063,119.11336517333984,111.46004486083984,115.26177978515625,116.27848052978516,120.65869140625,114.54559326171875,114.72044372558594,122.62612915039062,114.31427764892578,112.87753295898438,114.69535064697266,118.3180160522461,119.39368438720703,117.66030883789062,118.6904525756836,118.23444366455078
10.0635,116.37252807617188,117.59574890136719,113.9258041381836,123.3049545288086,116.53600311279297,119.95085144042969,117.19905090332031,111.12334442138672,113.72193145751953,120.96129608154297,120.26419830322266,116.3726806640625,116.42369079589844,112.31491088867188,117.91860961914062,116.8941421508789
10.064,116.55862426757812,117.07457733154297,120.78668975830078,116.21490478515625,116.96084594726562,121.8105239868164,111.33879852294922,115.24285888671875,115.72075653076172,119.5634994506836,113.65846252441406,117.90011596679688,117.9118881225586,117.87338256835938,116.14374542236328,115.36311340332031
10.0645,113.7320327758789,120.37492370605469,118.2918701171875,124.42608642578125,121.61546325683594,111.07266235351562,115.74609375,115.84174346923828,117.32329559326172,119.03441619873047,117.99021911621094,118.64881134033203,114.93353271484375,112.56974029541016,112.31085205078125,115.25110626220703
10.065,120.19048309326172,113.49539184570312,117.82733154296875,114.00678253173828,112.16304779052734,119.57136535644531,111.1608657836914,112.52014923095703,117.30361938476562,112.9188003540039,119.80321502685547,112.81343841552734,119.8056411743164,118.38056182861328,115.879638671875,119.06681060791016
10.0655,113.51568603515625,115.6717529296875,115.07215881347656,118.26553344726562,113.4477310180664,115.58338165283203,110.1827392578125,116.05207061767578,117.82987213134766,114.32386016845703,111.44432067871094,115.58821868896484,116.13063049316406,114.91943359375,111.58476257324219,120.39835357666016
10.066,114.40570068359375,117.15957641601562,118.51812744140625,117.05247497558594,119.78072357177734,113.17927551269531,118.70631408691406,110.07965850830078,119.18502807617188,117.16065216064453,119.46553802490234,113.83656311035156,114.0616683959961,113.24500274658203,116.82654571533203,112.68363952636719
10.0665,116.43315887451172,117.85272979736328,116.00720977783203,115.10569763183594,115.59700012207031,114.27195739746094,110.19293975830078,116.49468231201172,111.46521759033203,111.88011169433594,114.59027862548828,115.60549926757812,115.35379791259766,112.28703308105469,115.95785522460938,112.69014739990234
10.067,112.63502502441406,115.54285430908203,112.3180923461914,107.74029541015625,114.82269287109375,110.24613952636719,117.17642974853516,115.34614562988281,112.93622589111328,117.39366912841797,112.44700622558594,110.1610107421875,114.69994354248047,115.05500030517578,112.77713775634766,112.59928894042969
10.0675,113.93521118164062,110.95697021484375,114.92655181884766,114.56513214111328,116.09828186035156,108.8365478515625,116.89639282226562,109.88135528564453,113.84234619140625,114.65465545654297,112.9881820678711,113.83004760742188,111.85456085205078,116.17170715332031,116.84226989746094,108.2401123046875
10.068,112.85171508789062,113.41836547851562,113.3479995727539,114.15776062011719,114.23458862304688,111.76039123535156,113.34552001953125,112.9068832397461,116.1558609008789,110.20762634277344,114.24337768554688,111.29331970214844,116.24635314941406,114.62764739990234,119.43242645263672,112.09574127197266
10.0685,111.99788665771484,112.12881469726562,112.93987274169922,113.67276763916016,117.35423278808594,113.29183959960938,107.18894958496094,113.9613265991211,114.1120376586914,112.21019744873047,110.14854431152344,112.4388656616211,112.84504699707031,113.0458984375,108.63465881347656,111.48660278320312
10.069,111.75936126708984,110.49041748046875,111.36910247802734,112.32292175292969,109.31356811523438,114.81529998779297,112.10297393798828,108.06047821044922,113.18372344970703,115.47523498535156,116.61922454833984,115.03277587890625,111.74394226074219,109.91132354736328,114.73532104492188,112.37596130371094
10.0695,117.83251190185547,116.49551391601562,112.51255798339844,109.07449340820312,116.15115356445312,113.24897766113281,113.84136199951172,113.4047622680664,116.68248748779297,113.73365783691406,113.79865264892578,112.17882537841797,118.79049682617188,110.94763946533203,110.08357238769531,112.89144897460938
10.07,113.034912109375,114.22919464111328,105.28685760498047,110.26087188720703,113.1197738647461,114.09847259521484,111.6484375,110.63336944580078,106.76329803466797,111.874267578125,120.83089447021484,115.06896209716797,111.35713195800781,110.20018768310547,109.8247299194336,112.59293365478516
10.0705,113.48890686035156,114.28631591796875,107.52686309814453,113.76556396484375,111.4554214477539,112.92794799804688,110.97714233398438,114.71428680419922,112.21937561035156,113.74968719482422,112.21685028076172,116.0831069946289,108.28463745117188,114.37117004394531,114.272216796875,114.68508911132812
10.071,105.12287902832031,108.2125015258789,112.46986389160156,112.01853942871094,115.43790435791016,109.482421875,111.99252319335938,110.80204772949219,103.02256774902344,114.75989532470703,112.59412384033203,117.87586975097656,105.50235748291016,112.66321563720703,107.61234283447266,110.62824249267578
10.0715,107.53514862060547,112.15911102294922,106.92739868164062,117.31880187988281,110.41724395751953,111.39982604980469,111.80532836914062,114.55636596679688,113.21000671386719,109.35359191894531,113.66096496582031,108.24388885498047,109.5714340209961,111.5433120727539,111.4859848022461,110.741943359375
10.072,114.68057250976562,109.18028259277344,110.15019226074219,110.1723403930664,107.44812774658203,107.7686767578125,108.5711898803711,113.1046371459961,108.51631927490234,107.98200225830078,113.12588500976562,106.85874938964844,110.33201599121094,107.34700012207031,107.3109359741211,107.58650207519531
10.0725,110.0330581665039,107.39739227294922,112.07324981689453,109.63916015625,113.52828979492188,103.96839141845703,105.97083282470703,106.0445556640625,110.25430297851562,116.08458709716797,109.93997192382812,111.6168441772461,113.5527572631836,108.6708755493164,107.20087432861328,109.93402099609375
10.073,109.90806579589844,110.78372955322266,110.02813720703125,115.21392822265625,108.89415740966797,103.88675689697266,111.46076202392578,113.63030242919922,107.96564483642578,114.1275405883789,112.01286315917969,106.9289779663086,104.90105438232422,112.3563232421875,108.91785430908203,113.68116760253906
10.0735,108.12039184570312,108.02664947509766,108.36683654785156,105.93603515625,109.96582794189453,113.32658386230469,110.73561096191406,112.78387451171875,109.99600219726562,111.23204040527344,109.68305206298828,112.66838073730469,112.56130981445312,111.63847351074219,102.5321044921875,107.68217468261719
10.074,110.10675811767578,110.80958557128906,110.40767669677734,104.2127685546875,108.74156188964844,110.72122192382812,105.56255340576172,110.6337890625,109.64728546142578,108.39434051513672,106.73963165283203,109.9566421508789,109.91041564941406,104.87935638427734,106.68099975585938,109.73551177978516
10.0745,105.39580535888672,111.60658264160156,112.4320297241211,112.39588165283203,107.5276870727539,108.38247680664062,109.58090209960938,109.6958236694336,112.82244873046875,108.68475341796875,108.4555892944336,112.198486328125,113.27936553955078,105.2085189819336,105.60678100585938,112.67369842529297
10.075,108.25682067871094,109.15643310546875,115.54456329345703,110.42115783691406,109.11817169189453,112.1098403930664,102.64459991455078,112.69154357910156,111.56625366210938,110.99337768554688,109.51953887939453,110.21515655517578,105.04914093017578,110.36040496826172,101.76374816894531,112.78675079345703
10.0755,100.54206848144531,108.77567291259766,109.73324584960938,107.09052276611328,105.4130859375,104.09835052490234,103.10366821289062,110.84295654296875,112.92642974853516,107.3532485961914,106.69109344482422,104.34664916992188,109.10260772705078,106.3534164428711,106.79032135009766,106.08319091796875
10.076,111.95335388183594,107.9371566772461,115.47748565673828,106.6318359375,109.2747573852539,101.98096466064453,108.42919921875,108.83722686767578,105.34262084960938,113.45272827148438,105.2882080078125,106.40250396728516,107.83833312988281,109.62181854248047,110.56342315673828,107.69698333740234
10.0765,113.2671890258789,110.20855712890625,113.97928619384766,105.33751678466797,108.72061157226562,107.69268798828125,108.78924560546875,111.66854858398438,113.16740417480469,106.61663818359375,104.34479522705078,110.34083557128906,100.97671508789062,110.22783660888672,109.5245590209961,108.21382141113281
10.077,107.29177856445312,107.64878845214844,101.88380432128906,104.7889175415039,110.88319396972656,109.19268798828125,106.43842315673828,103.64685821533203,110.85997772216797,105.7373275756836,100.32019805908203,106.40995788574219,100.01478576660156,106.86174011230469,104.89004516601562,105.7134017944336
10.0775,102.38378143310547,102.4236831665039,108.2118911743164,108.28755950927734,109.32406616210938,105.06983947753906,104.0203628540039,103.48384094238281,111.79354858398438,108.13230895996094,108.92880249023438,106.77104187011719,107.8681640625,103.11017608642578,107.94861602783203,105.98176574707031
10.078,104.9580307006836,107.29308319091797,102.80317687988281,105.27667999267578,110.6131362915039,108.25212097167969,104.3941879272461,105.09589385986328,109.49581146240234,103.3947982788086,105.92691802978516,103.54962158203125,106.64503479003906,103.74295806884766,100.90534210205078,102.0103759765625
10.0785,115.06258392333984,104.85385131835938,106.6342544555664,106.78522491455078,110.8375015258789,103.08247375488281,106.017578125,104.04069519042969,103.06116485595703,109.31121826171875,102.74457550048828,108.08795166015625,113.38697814941406,103.29119873046875,109.25899505615234,102.5057144165039
10.079,107.94861602783203,105.52963256835938,106.26919555664062,99.77828216552734,106.87061309814453,107.162109375,107.64646911621094,104.13656616210938,108.11214447021484,106.91487884521484,105.83161163330078,105.74150848388672,105.79275512695312,104.79914855957031,106.56671142578125,111.0477066040039
10.0795,104.25263214111328,107.02075958251953,102.51980590820312,110.66460418701172,106.4780502319336,109.05508422851562,106.65613555908203,103.18042755126953,108.42544555664062,101.63433837890625,103.5724105834961,102.5727310180664,106.66938018798828,109.01958465576172,107.54244232177734,106.21353912353516
10.08,102.83142852783203,105.1961669921875,107.15132141113281,111.40138244628906,104.09077453613281,104.30953216552734,113.80827331542969,111.13471984863281,103.57659912109375,103.06367492675781,105.12955474853516,102.68770599365234,103.50872802734375,110.90776824951172,105.78723907470703,108.11213684082031
10.0805,105.06517028808594,101.33308410644531,111.86055755615234,104.92961883544922,109.16386413574219,101.97748565673828,103.99238586425781,101.9796142578125,102.8048324584961,101.63909912109375,103.34473419189453,105.1031265258789,104.69478607177734,103.07282257080078,115.53353881835938,98.98602294921875
10.081,103.41509246826172,104.19942474365234,101.32856750488281,104.89896392822266,99.49738311767578,109.92633819580078,103.9178237915039,100.15828704833984,103.64945220947266,100.15534973144531,100.79810333251953,104.84249877929688,106.59967041015625,106.52099609375,105.63518524169922,105.27438354492188
10.0815,101.25123596191406,103.7161865234375,101.26470947265625,103.07604217529297,99.67926025390625,96.1920166015625,102.38422393798828,102.99427032470703,102.90933990478516,101.3477554321289,103.54907989501953,99.0467758178711,106.32408142089844,106.00337982177734,104.87481689453125,110.07939147949219
10.082,104.53023529052734,98.17183685302734,99.19654846191406,105.00997924804688,104.93338775634766,107.83951568603516,102.36258697509766,103.86300659179688,103.72227478027344,103.4370346069336,107.67170715332031,106.92141723632812,101.33338165283203,106.86882019042969,103.78228759765625,104.47591400146484
10.0825,102.68465423583984,100.26112365722656,101.85638427734375,108.3549575805664,102.5138168334961,103.26254272460938,100.92036437988281,96.12479400634766,99.80846405029297,107.05973052978516,105.3119125366211,104.17996978759766,101.3924560546875,106.53421020507812,105.81503295898438,104.73820495605469
10.083,105.2861328125,101.7479248046875,99.70586395263672,99.1630859375,100.15877532958984,105.10800170898438,98.53681945800781,108.25958251953125,104.7943115234375,100.14192962646484,96.35005950927734,105.14562225341797,102.20927429199219,107.4155502319336,97.73550415039062,104.23683166503906
10.0835,103.50946807861328,98.72021484375,98.06437683105469,100.8470687866211,99.70390319824219,107.38481140136719,106.2810287475586,101.13353729248047,104.76598358154297,101.83387756347656,99.25068664550781,108.19544982910156,105.25985717773438,101.82039642333984,99.37451934814453,104.34793853759766
10.084,98.60013580322266,100.59429168701172,99.03324127197266,102.63743591308594,101.57469177246094,98.45087432861328,101.95834350585938,104.53898620605469,105.11338806152344,95.86184692382812,101.34005737304688,104.48345184326172,102.93907165527344,106.67106628417969,103.30378723144531,101.17288970947266
10.0845,100.21807861328125,99.71621704101562,100.42039489746094,104.61864471435547,101.74141693115234,101.18230438232422,101.08936309814453,98.97050476074219,109.3268051147461,95.85664367675781,101.26639556884766,100.7071762084961,99.44023895263672,103.01129150390625,102.08040618896484,105.89398956298828
10.085,101.79068756103516,101.72542572021484,101.8888168334961,97.6250991821289,100.9560775756836,100.96508026123047,103.16910552978516,106.75054931640625,102.78374481201172,103.2193603515625,100.12129211425781,106.91815948486328,95.31040954589844,99.70709991455078,98.44294738769531,100.26377868652344
10.0855,98.35279846191406,101.17462921142578,95.43412017822266,102.46163177490234,101.3293685913086,104.0137710571289,102.34406280517578,101.82858276367188,98.63091278076172,103.27410888671875,102.15565490722656,102.81404876708984,101.93212127685547,97.9291000366211,103.06831359863281,100.41024017333984
10.086,102.93328857421875,100.29377746582031,103.61486053466797,98.63442993164062,95.5046157836914,98.62913513183594,104.25456237792969,102.05189514160156,100.77918243408203,98.02733612060547,97.54878997802734,107.6205825805664,105.56648254394531,103.1995849609375,100.83650207519531,96.86679077148438
10.0865,100.42630004882812,99.65286254882812,92.67252349853516,97.90614318847656,103.74410247802734,106.89350891113281,108.49224853515625,98.85553741455078,104.12349700927734,99.30530548095703,99.27336883544922,103.14418029785156,102.34486389160156,103.97537231445312,100.45482635498047,101.13046264648438
10.087,104.64049530029297,93.67735290527344,96.67819213867188,98.2132568359375,98.41348266601562,107.6412124633789,103.9921646118164,102.87541961669922,103.70890808105469,99.22117614746094,95.72770690917969,103.67404174804688,96.98650360107422,93.8215560913086,100.9117660522461,100.51044464111328
10.0875,107.4019546508789,94.49009704589844,102.46143341064453,94.2376480102539,100.35714721679688,101.81766510009766,99.88663482666016,100.43876647949219,99.97547912597656,99.29016876220703,105.66938018798828,96.84830474853516,99.31076049804688,107.08670806884766,102.70777130126953,94.08949279785156
10.088,100.33574676513672,101.9093246459961,102.34374237060547,96.80850219726562,101.55735778808594,98.16468811035156,96.07106018066406,96.1916275024414,96.76908111572266,93.78068542480469,98.72616577148438,97.33058166503906,104.5755844116211,96.70967102050781,96.05006408691406,102.42507934570312
10.0885,102.04936218261719,103.38247680664062,103.24771881103516,99.5213394165039,98.15534973144531,96.40435791015625,99.35810852050781,99.01236724853516,92.7131576538086,95.0154037475586,102.45964813232422,100.20105743408203,96.57022094726562,94.4240951538086,102.49859619140625,100.04130554199219
10.089,96.33102416992188,96.84049224853516,97.4799575805664,107.769287109375,94.17769622802734,103.20500183105469,97.25951385498047,103.92544555664062,101.44808959960938,101.47974395751953,97.77007293701172,101.83573913574219,97.82843017578125,104.64761352539062,98.4175796508789,102.80486297607422
10.0895,98.54047393798828,98.14828491210938,95.55767822265625,99.11788177490234,100.36412048339844,104.24061584472656,98.81632995605469,97.59146118164062,94.17599487304688,95.74504852294922,96.9509048461914,103.80667114257812,100.5137710571289,96.82685089111328,98.67232513427734,99.06092834472656
10.09,104.51667785644531,97.24869537353516,97.06039428710938,96.11128997802734,101.70533752441406,101.34410095214844,101.703369140625,94.10637664794922,101.6089096069336,92.53939819335938,92.970947265625,104.09925842285156,94.85554504394531,97.88692474365234,99.2066421508789,96.93319702148438
10.0905,105.4414291381836,99.6629409790039,93.87165069580078,102.15714263916016,101.99148559570312,96.68063354492188,97.72098541259766,93.3021469116211,96.29125213623047,95.54340362548828,98.17302703857422,101.21397399902344,96.53864288330078,99.37906646728516,104.58416748046875,102.08110809326172
10.091,97.6643295288086,96.76866912841797,102.61439514160156,93.46871185302734,98.88150024414062,99.47129821777344,98.98318481445312,100.1069564819336,93.6143798828125,96.38578796386719,97.02758026123047,95.3353271484375,101.63843536376953,100.54447174072266,93.46015167236328,105.65422058105469
10.0915,99.45918273925781,94.44550323486328,101.71339416503906,98.19384765625,94.32678985595703,95.96924591064453,95.76187133789062,104.7156753540039,97.43116760253906,97.70829772949219,96.24346160888672,98.32099151611328,94.5609130859375,96.68143463134766,100.03589630126953,97.72972106933594
10.092,97.33336639404297,98.10269165039062,99.62572479248047,93.89310455322266,102.55220031738281,98.127197265625,99.32182312011719,96.43030548095703,95.51309967041016,94.89456176757812,99.51018524169922,98.72722625732422,95.02986907958984,93.14317321777344,96.92782592773438,99.50650024414062
10.0925,93.26809692382812,94.3388671875,98.27655792236328,99.50809478759766,97.01868438720703,94.97572326660156,93.23692321777344,91.31427001953125,99.36505126953125,91.82077026367188,98.53300476074219,98.06436157226562,92.25470733642578,97.30097198486328,101.06391143798828,96.85456085205078
10.093,95.93408203125,94.06622314453125,102.74028778076172,97.59562683105469,92.71855163574219,98.24256134033203,94.66346740722656,103.88961791992188,101.64945983886719,92.33612823486328,92.97540283203125,99.71216583251953,96.9928207397461,96.58186340332031,98.07813262939453,94.03838348388672
10.0935,96.29463958740234,101.25642395019531,94.77684783935547,93.76204681396484,91.25550842285156,93.60777282714844,95.8755111694336,100.41023254394531,95.77007293701172,97.15924835205078,92.90176391601562,94.1421127319336,92.28390502929688,92.34246826171875,99.17464447021484,95.63337707519531
10.094,101.94293975830078,98.6073226928711,93.246337890625,94.7634048461914,93.10150909423828,96.8137435913086,90.87432861328125,101.31352233886719,101.28334045410156,92.20100402832031,100.45938873291016,99.4469223022461,96.18125915527344,95.5000228881836,92.71500396728516,91.19776153564453
10.0945,105.08274841308594,102.8307113647461,96.4715805053711,95.81607818603516,94.57340240478516,94.39347076416016,95.19512939453125,92.4701919555664,97.3986587524414,94.0487060546875,98.1021957397461,95.57395935058594,95.34944152832031,98.70552062988281,93.58856964111328,93.2661361694336
10.095,94.4503173828125,101.8447494506836,92.35472106933594,95.65506744384766,102.12895202636719,94.79744720458984,95.41996765136719,93.93168640136719,94.93814849853516,93.89034271240234,93.87493896484375,94.94660186767578,92.96311950683594,95.33405303955078,99.06582641601562,97.67190551757812
10.0955,103.72330474853516,92.45435333251953,91.5724105834961,103.60901641845703,97.3332290649414,88.32015228271484,94.01821899414062,94.84172821044922,94.51827239990234,92.88395690917969,95.02625274658203,94.62770080566406,92.3880615234375,97.21050262451172,98.49203491210938,102.03292083740234
10.096,94.32820892333984,93.65087890625,92.39891052246094,95.65406799316406,95.1753158569336,95.18233489990234,96.73655700683594,95.96886444091797,97.78843688964844,95.52951049804688,95.30287170410156,97.7276611328125,93.36764526367188,91.5792236328125,95.7549057006836,100.25331115722656
10.0965,94.09386444091797,97.33453369140625,99.93952941894531,90.52859497070312,95.41153717041016,87.36939239501953,90.9825668334961,95.81401062011719,92.68616485595703,98.94596862792969,91.34075927734375,97.37805938720703,94.69515228271484,92.53770446777344,97.16828918457031,95.58788299560547
10.097,92.4894027709961,90.18700408935547,93.3198471069336,96.33384704589844,90.33377838134766,99.83546447753906,98.56881713867188,91.49122619628906,87.12825012207031,95.4299545288086,93.44843292236328,93.2376937866211,96.15727996826172,95.19812774658203,91.26009368896484,104.43070220947266
10.0975,88.27747344970703,93.240966796875,94.11701202392578,93.62586212158203,93.87213134765625,94.77220916748047,94.58057403564453,96.3246841430664,91.14054870605469,90.06982421875,93.48869323730469,87.1355972290039,97.49964904785156,97.34681701660156,91.65596771240234,92.24080657958984
10.098,93.97171020507812,95.19923400878906,95.5778579711914,90.98363494873047,95.3646011352539,102.02980041503906,95.90400695800781,97.80036163330078,95.73297882080078,94.04217529296875,95.69947814941406,96.04280853271484,87.92594909667969,97.97496795654297,93.07174682617188,94.26319122314453
10.0985,96.42106628417969,92.28846740722656,91.58161163330078,90.6043701171875,94.28164672851562,94.90263366699219,92.41383361816406,91.68505859375,94.02295684814453,93.3437728881836,94.07174682617188,93.79389190673828,95.91610717773438,95.8726806640625,94.0491714477539,98.2697525024414
10.099,99.25718688964844,89.3716049194336,93.39797973632812,95.69133758544922,95.8603515625,89.69536590576172,93.35962677001953,97.46089935302734,94.8497314453125,95.57879638671875,94.40064239501953,92.67655181884766,94.77397918701172,97.17620849609375,95.5239486694336,89.43852996826172
10.0995,96.62975311279297,95.30204010009766,93.10486602783203,96.07461547851562,96.73612976074219,94.09436798095703,97.3368148803711,97.16633605957031,96.94152069091797,93.23057556152344,88.9717025756836,87.15729522705078,89.0821304321289,94.57198333740234,93.40597534179688,94.72379302978516
10.1,90.72224426269531,93.61127471923828,97.43415832519531,87.45988464355469,95.61613464355469,91.7165298461914,91.46441650390625,97.3728256225586,97.9650650024414,89.30325317382812,92.92472076416016,88.31526947021484,90.450927734375,88.77313995361328,86.04493713378906,85.86854553222656
