"interElementDistance [mm]","Freq [GHz]","cang_deg(St(port2_T1,port1_T1)) [deg]"
20,9.95,61.7387768388993
20,9.951,61.3540770168909
20,9.952,60.9690413612795
20,9.953,60.5836817152153
20,9.954,60.1980100235884
20,9.955,59.8120383304259
20,9.956,59.4257787762266
20,9.957,59.0392435952269
20,9.958,58.65244511261
20,9.959,58.2653957416532
20,9.96,57.878107980814
20,9.961,57.4905944107623
20,9.962,57.1028676913544
20,9.963,56.714940558553
20,9.964,56.3268258212975
20,9.965,55.9385363583207
20,9.966,55.5500851149217
20,9.967,55.1614850996855
20,9.968,54.7727493811651
20,9.969,54.3838910845183
20,9.97,53.9949233881038
20,9.971,53.6058595200419
20,9.972,53.2167127547365
20,9.973,52.8274964093669
20,9.974,52.4382238403466
20,9.975,52.0489084397535
20,9.976,51.6595636317371
20,9.977,51.2702028688963
20,9.978,50.880839628642
20,9.979,50.4914874095366
20,9.98,50.1021597276203
20,9.981,49.7128701127223
20,9.982,49.3236321047619
20,9.983,48.9344592500393
20,9.984,48.545365097524
20,9.985,48.1563631951366
20,9.986,47.7674670860337
20,9.987,47.3786903048898
20,9.988,46.9900463741894
20,9.989,46.6015488005229
20,9.99,46.2132110708931
20,9.991,45.8250466490358
20,9.992,45.437068971753
20,9.993,45.0492914452655
20,9.994,44.6617274415853
20,9.995,44.2743902949098
20,9.996,43.8872932980434
20,9.997,43.500449698843
20,9.998,43.1138726966971
20,9.999,42.727575439035
20,10,42.3415710178729
20,10.001,41.9558724663934
20,10.002,41.5704927555677
20,10.003,41.1854447908184
20,10.004,40.8007414087232
20,10.005,40.4163953737683
20,10.006,40.032419375147
20,10.007,39.6488260236072
20,10.008,39.2656278483515
20,10.009,38.8828372939931
20,10.01,38.5004667175603
20,10.011,38.1185283855638
20,10.012,37.7370344711231
20,10.013,37.355997051144
20,10.014,36.9754281035686
20,10.015,36.595339504682
20,10.016,36.2157430264841
20,10.017,35.8366503341272
20,10.018,35.4580729834219
20,10.019,35.0800224184086
20,10.02,34.7025099689987
20,10.021,34.325546848685
20,10.022,33.9491441523264
20,10.023,33.5733128539969
20,10.024,33.1980638049157
20,10.025,32.823407731443
20,10.026,32.4493552331526
20,10.027,32.075916780979
20,10.028,31.7031027154377
20,10.029,31.3309232449201
20,10.03,30.959388444064
20,10.031,30.5885082521992
20,10.032,30.2182924718722
20,10.033,29.8487507674362
20,10.034,29.4798926637289
20,10.035,29.1117275448168
20,10.036,28.7442646528195
20,10.037,28.3775130868068
20,10.038,28.011481801771
20,10.039,27.6461796076728
20,10.04,27.2816151685632
20,10.041,26.9177970017773
20,10.042,26.5547334772001
20,10.043,26.1924328166076
20,10.044,25.8309030930758
20,10.045,25.4701522304644
20,10.046,25.1101880029675
20,10.047,24.7510180347363
20,10.048,24.3926497995689
20,10.049,24.0350906206681
20,10.05,23.6783476704652
30,9.95,-57.8621847298113
30,9.951,-58.2311574457517
30,9.952,-58.6009515183141
30,9.953,-58.9715548379489
30,9.954,-59.3429550420024
30,9.955,-59.7151395161162
30,9.956,-60.0880953957925
30,9.957,-60.4618095681315
30,9.958,-60.8362686737349
30,9.959,-61.2114591087797
30,9.96,-61.5873670272667
30,9.961,-61.9639783434378
30,9.962,-62.3412787343681
30,9.963,-62.719253642731
30,9.964,-63.0978882797344
30,9.965,-63.477167628233
30,9.966,-63.8570764460087
30,9.967,-64.2375992692294
30,9.968,-64.6187204160735
30,9.969,-65.0004239905262
30,9.97,-65.3826938863463
30,9.971,-65.7655137911983
30,9.972,-66.1488671909527
30,9.973,-66.5327373741469
30,9.974,-66.9171074366106
30,9.975,-67.3019602862496
30,9.976,-67.6872786479835
30,9.977,-68.0730450688425
30,9.978,-68.4592419232089
30,9.979,-68.8458514182093
30,9.98,-69.2328555992494
30,9.981,-69.6202363556876
30,9.982,-70.0079754266454
30,9.983,-70.3960544069502
30,9.984,-70.7844547532017
30,9.985,-71.173157789965
30,9.986,-71.5621447160767
30,9.987,-71.9513966110684
30,9.988,-72.3408944416927
30,9.989,-72.7306190685547
30,9.99,-73.1205512528372
30,9.991,-73.5106716631175
30,9.992,-73.9009608822694
30,9.993,-74.2913994144421
30,9.994,-74.6819676921134
30,9.995,-75.0726460832078
30,9.996,-75.4634148982737
30,9.997,-75.8542543977168
30,9.998,-76.2451447990764
30,9.999,-76.6360662843444
30,10,-77.026999007315
30,10.001,-77.4179231009637
30,10.002,-77.808818684844
30,10.003,-78.199665872496
30,10.004,-78.5904447788635
30,10.005,-78.9811355277069
30,10.006,-79.3717182590096
30,10.007,-79.76217313637
30,10.008,-80.1524803543708
30,10.009,-80.5426201459173
30,10.01,-80.9325727895463
30,10.011,-81.3223186166873
30,10.012,-81.7118380188732
30,10.013,-82.1011114549055
30,10.014,-82.4901194579466
30,10.015,-82.8788426425487
30,10.016,-83.2672617116088
30,10.017,-83.6553574632421
30,10.018,-84.0431107975678
30,10.019,-84.4305027234031
30,10.02,-84.8175143648604
30,10.021,-85.20412696784
30,10.022,-85.5903219064105
30,10.023,-85.9760806890825
30,10.024,-86.3613849649544
30,10.025,-86.746216529741
30,10.026,-87.1305573316706
30,10.027,-87.5143894772492
30,10.028,-87.8976952368873
30,10.029,-88.2804570503879
30,10.03,-88.6626575322877
30,10.031,-89.0442794770507
30,10.032,-89.4253058641066
30,10.033,-89.8057198627444
30,10.034,-90.185504836837
30,10.035,-90.5646443494138
30,10.036,-90.9431221670663
30,10.037,-91.3209222641917
30,10.038,-91.6980288270697
30,10.039,-92.0744262577715
30,10.04,-92.4500991778978
30,10.041,-92.8250324321477
30,10.042,-93.1992110917165
30,10.043,-93.5726204575192
30,10.044,-93.9452460632439
30,10.045,-94.3170736782293
30,10.046,-94.6880893101721
30,10.047,-95.0582792076585
30,10.048,-95.427629862525
30,10.049,-95.7961280120471
30,10.05,-96.1637606409569
40,9.95,-171.396759643746
40,9.951,-171.787719932282
40,9.952,-172.179350707407
40,9.953,-172.571643243957
40,9.954,-172.964588618487
40,9.955,-173.358177709546
40,9.956,-173.75240119805
40,9.957,-174.147249567772
40,9.958,-174.54271310593
40,9.959,-174.938781903889
40,9.96,-175.335445857975
40,9.961,-175.732694670399
40,9.962,-176.130517850296
40,9.963,-176.528904714878
40,9.964,-176.927844390703
40,9.965,-177.327325815056
40,9.966,-177.727337737451
40,9.967,-178.127868721254
40,9.968,-178.528907145411
40,9.969,-178.930441206308
40,9.97,-179.332458919745
40,9.971,-179.734948123019
40,9.972,-180.137896477144
40,9.973,-180.541291469169
40,9.974,-180.945120414632
40,9.975,-181.349370460118
40,9.976,-181.754028585941
40,9.977,-182.159081608939
40,9.978,-182.564516185388
40,9.979,-182.970318814027
40,9.98,-183.376475839199
40,9.981,-183.782973454097
40,9.982,-184.189797704131
40,9.983,-184.596934490398
40,9.984,-185.00436957326
40,9.985,-185.412088576024
40,9.986,-185.820076988732
40,9.987,-186.22832017205
40,9.988,-186.636803361253
40,9.989,-187.045511670309
40,9.99,-187.454430096059
40,9.991,-187.863543522484
40,9.992,-188.272836725063
40,9.993,-188.682294375219
40,9.994,-189.091901044844
40,9.995,-189.501641210906
40,9.996,-189.911499260129
40,9.997,-190.32145949375
40,9.998,-190.731506132346
40,9.999,-191.141623320721
40,10,-191.551795132858
40,10.001,-191.962005576935
40,10.002,-192.372238600387
40,10.003,-192.78247809502
40,10.004,-193.19270790218
40,10.005,-193.602911817954
40,10.006,-194.013073598411
40,10.007,-194.423176964886
40,10.008,-194.833205609283
40,10.009,-195.24314319941
40,10.01,-195.652973384329
40,10.011,-196.062679799734
40,10.012,-196.472246073326
40,10.013,-196.881655830212
40,10.014,-197.290892698292
40,10.015,-197.69994031366
40,10.016,-198.108782325987
40,10.017,-198.517402403902
40,10.018,-198.925784240357
40,10.019,-199.33391155797
40,10.02,-199.741768114349
40,10.021,-200.149337707389
40,10.022,-200.556604180533
40,10.023,-200.963551428003
40,10.024,-201.370163399983
40,10.025,-201.776424107768
40,10.026,-202.182317628855
40,10.027,-202.587828111991
40,10.028,-202.992939782154
40,10.029,-203.397636945484
40,10.03,-203.801903994147
40,10.031,-204.205725411128
40,10.032,-204.609085774956
40,10.033,-205.011969764358
40,10.034,-205.41436216283
40,10.035,-205.816247863128
40,10.036,-206.217611871679
40,10.037,-206.6184393129
40,10.038,-207.018715433428
40,10.039,-207.418425606264
40,10.04,-207.817555334811
40,10.041,-208.216090256823
40,10.042,-208.614016148248
40,10.043,-209.011318926977
40,10.044,-209.407984656478
40,10.045,-209.803999549332
40,10.046,-210.199349970657
40,10.047,-210.594022441428
40,10.048,-210.988003641674
40,10.049,-211.381280413575
40,10.05,-211.773839764443
50,9.95,74.961624684654
50,9.951,74.5536860684684
50,9.952,74.1450946625986
50,9.953,73.7358620602418
50,9.954,73.3260000528507
50,9.955,72.9155206284636
50,9.956,72.5044359699112
50,9.957,72.0927584528902
50,9.958,71.6805006439176
50,9.959,71.2676752981561
50,9.96,70.8542953571103
50,9.961,70.4403739462
50,9.962,70.0259243722056
50,9.963,69.6109601205864
50,9.964,69.1954948526769
50,9.965,68.7795424027546
50,9.966,68.3631167749896
50,9.967,67.9462321402638
50,9.968,67.5289028328757
50,9.969,67.1111433471226
50,9.97,66.6929683337621
50,9.971,66.2743925963609
50,9.972,65.8554310875238
50,9.973,65.4360989050134
50,9.974,65.0164112877562
50,9.975,64.5963836117402
50,9.976,64.1760313858087
50,9.977,63.7553702473448
50,9.978,63.3344159578607
50,9.979,62.9131843984844
50,9.98,62.4916915653528
50,9.981,62.0699535649134
50,9.982,61.6479866091354
50,9.983,61.225807010635
50,9.984,60.8034311777212
50,9.985,60.3808756093603
50,9.986,59.9581568900686
50,9.987,59.5352916847304
50,9.988,59.112296733354
50,9.989,58.6891888457606
50,9.99,58.2659848962176
50,9.991,57.842701818017
50,9.992,57.4193565980021
50,9.993,56.9959662710516
50,9.994,56.5725479145201
50,9.995,56.1491186426431
50,9.996,55.7256956009118
50,9.997,55.3022959604167
50,9.998,54.8789369121726
50,9.999,54.4556356614239
50,10,54.0324094219381
50,10.001,53.6092754102892
50,10.002,53.1862508401396
50,10.003,52.7633529165232
50,10.004,52.3405988301327
50,10.005,51.9180057516211
50,10.006,51.4955908259168
50,10.007,51.0733711665594
50,10.008,50.6513638500602
50,10.009,50.2295859102974
50,10.01,49.8080543329367
50,10.011,49.3867860498996
50,10.012,48.965797933875
50,10.013,48.5451067928689
50,10.014,48.1247293648198
50,10.015,47.7046823122634
50,10.016,47.2849822170594
50,10.017,46.8656455751836
50,10.018,46.4466887915908
50,10.019,46.0281281751493
50,10.02,45.6099799336517
50,10.021,45.1922601689066
50,10.022,44.7749848719179
50,10.023,44.358169918144
50,10.024,43.9418310628577
50,10.025,43.5259839365913
50,10.026,43.1106440406838
50,10.027,42.6958267429276
50,10.028,42.2815472733176
50,10.029,41.8678207199043
50,10.03,41.4546620247566
50,10.031,41.0420859800339
50,10.032,40.6301072241751
50,10.033,40.2187402381906
50,10.034,39.8079993420844
50,10.035,39.3978986913839
50,10.036,38.9884522737959
50,10.037,38.5796739059796
50,10.038,38.1715772304433
50,10.039,37.7641757125635
50,10.04,37.3574826377305
50,10.041,36.9515111086171
50,10.042,36.5462740425723
50,10.043,36.1417841691444
50,10.044,35.7380540277263
50,10.045,35.3350959653316
50,10.046,34.9329221344942
50,10.047,34.5315444912967
50,10.048,34.1309747935251
50,10.049,33.7312245989474
50,10.05,33.3323052637196
60,9.95,-48.1692161223275
60,9.951,-48.5719380525879
60,9.952,-48.9754471935292
60,9.953,-49.37973222353
60,9.954,-49.7847815916577
60,9.955,-50.1905835188306
60,9.956,-50.5971259991201
60,9.957,-51.0043968012038
60,9.958,-51.4123834699572
60,9.959,-51.8210733281949
60,9.96,-52.2304534785595
60,9.961,-52.6405108055567
60,9.962,-53.0512319777396
60,9.963,-53.4626034500438
60,9.964,-53.8746114662674
60,9.965,-54.2872420617045
60,9.966,-54.7004810659224
60,9.967,-55.1143141056948
60,9.968,-55.5287266080762
60,9.969,-55.9437038036259
60,9.97,-56.3592307297806
60,9.971,-56.7752922343688
60,9.972,-57.1918729792728
60,9.973,-57.6089574442305
60,9.974,-58.0265299307802
60,9.975,-58.4445745663439
60,9.976,-58.8630753084461
60,9.977,-59.2820159490721
60,9.978,-59.7013801191526
60,9.979,-60.1211512931839
60,9.98,-60.5413127939713
60,9.981,-60.9618477974975
60,9.982,-61.3827393379132
60,9.983,-61.8039703126447
60,9.984,-62.2255234876142
60,9.985,-62.6473815025724
60,9.986,-63.0695268765352
60,9.987,-63.4919420133266
60,9.988,-63.9146092072156
60,9.989,-64.3375106486502
60,9.99,-64.7606284300793
60,9.991,-65.1839445518588
60,9.992,-65.6074409282405
60,9.993,-66.0310993934324
60,9.994,-66.4549017077321
60,9.995,-66.8788295637242
60,9.996,-67.3028645925355
60,9.997,-67.7269883701491
60,9.998,-68.1511824237635
60,9.999,-68.5754282381965
60,10,-68.9997072623268
60,10.001,-69.4240009155691
60,10.002,-69.8482905943747
60,10.003,-70.272557678752
60,10.004,-70.6967835388051
60,10.005,-71.1209495412789
60,10.006,-71.5450370561078
60,10.007,-71.9690274629652
60,10.008,-72.3929021578021
60,10.009,-72.8166425593698
60,10.01,-73.2402301157302
60,10.011,-73.6636463107335
60,10.012,-74.0868726704644
60,10.013,-74.5098907696614
60,10.014,-74.9326822380815
60,10.015,-75.3552287668238
60,10.016,-75.7775121145992
60,10.017,-76.1995141139406
60,10.018,-76.6212166773487
60,10.019,-77.042601803369
60,10.02,-77.4636515825962
60,10.021,-77.884348203599
60,10.022,-78.3046739587571
60,10.023,-78.7246112500188
60,10.024,-79.1441425945543
60,10.025,-79.5632506303208
60,10.026,-79.9819181215227
60,10.027,-80.4001279639639
60,10.028,-80.817863190294
60,10.029,-81.2351069751398
60,10.03,-81.6518426401204
60,10.031,-82.0680536587418
60,10.032,-82.4837236611639
60,10.033,-82.8988364388522
60,10.034,-83.3133759490876
60,10.035,-83.7273263193522
60,10.036,-84.1406718515769
60,10.037,-84.5533970262534
60,10.038,-84.9654865064086
60,10.039,-85.3769251414374
60,10.04,-85.7876979707919
60,10.041,-86.1977902275279
60,10.042,-86.6071873417078
60,10.043,-87.0158749436532
60,10.044,-87.4238388670552
60,10.045,-87.8310651519319
60,10.046,-88.2375400474417
60,10.047,-88.6432500145443
60,10.048,-89.0481817285139
60,10.049,-89.4523220813047
60,10.05,-89.8556581837656
70,9.95,-161.929319838468
70,9.951,-162.349879391873
70,9.952,-162.771171231498
70,9.953,-163.193185778724
70,9.954,-163.61591324886
70,9.955,-164.039343651588
70,9.956,-164.463466791519
70,9.957,-164.888272268869
70,9.958,-165.313749480248
70,9.959,-165.739887619566
70,9.96,-166.166675679065
70,9.961,-166.594102450461
70,9.962,-167.022156526218
70,9.963,-167.45082630094
70,9.964,-167.880099972883
70,9.965,-168.309965545597
70,9.966,-168.740410829687
70,9.967,-169.171423444704
70,9.968,-169.602990821162
70,9.969,-170.03510020267
70,9.97,-170.467738648204
70,9.971,-170.900893034495
70,9.972,-171.334550058543
70,9.973,-171.768696240261
70,9.974,-172.203317925236
70,9.975,-172.638401287623
70,9.976,-173.073932333146
70,9.977,-173.509896902243
70,9.978,-173.946280673307
70,9.979,-174.383069166069
70,9.98,-174.820247745081
70,9.981,-175.257801623325
70,9.982,-175.695715865935
70,9.983,-176.133975394028
70,9.984,-176.57256498865
70,9.985,-177.011469294826
70,9.986,-177.450672825719
70,9.987,-177.890159966894
70,9.988,-178.329914980675
70,9.989,-178.769922010608
70,9.99,-179.210165086017
70,9.991,-179.650628126649
70,9.992,-180.091294947409
70,9.993,-180.532149263184
70,9.994,-180.973174693744
70,9.995,-181.414354768724
70,9.996,-181.855672932677
70,9.997,-182.297112550206
70,9.998,-182.738656911153
70,9.999,-183.18028923586
70,10,-183.62199268048
70,10.001,-184.06375034235
70,10.002,-184.505545265409
70,10.003,-184.947360445665
70,10.004,-185.389178836705
70,10.005,-185.830983355237
70,10.006,-186.272756886667
70,10.007,-186.714482290704
70,10.008,-187.156142406991
70,10.009,-187.597720060749
70,10.01,-188.039198068438
70,10.011,-188.480559243427
70,10.012,-188.921786401664
70,10.013,-189.362862367359
70,10.014,-189.80376997864
70,10.015,-190.244492093221
70,10.016,-190.685011594038
70,10.017,-191.125311394881
70,10.018,-191.565374445986
70,10.019,-192.005183739612
70,10.02,-192.444722315575
70,10.021,-192.883973266751
70,10.022,-193.322919744533
70,10.023,-193.76154496424
70,10.024,-194.199832210478
70,10.025,-194.637764842447
70,10.026,-195.075326299182
70,10.027,-195.512500104734
70,10.028,-195.949269873286
70,10.029,-196.385619314193
70,10.03,-196.82153223695
70,10.031,-197.256992556078
70,10.032,-197.691984295925
70,10.033,-198.126491595395
70,10.034,-198.560498712564
70,10.035,-198.993990029229
70,10.036,-199.426950055341
70,10.037,-199.859363433347
70,10.038,-200.291214942438
70,10.039,-200.722489502681
70,10.04,-201.15317217905
70,10.041,-201.583248185351
70,10.042,-202.01270288803
70,10.043,-202.441521809873
70,10.044,-202.869690633587
70,10.045,-203.297195205271
70,10.046,-203.724021537759
70,10.047,-204.150155813854
70,10.048,-204.575584389432
70,10.049,-205.000293796429
70,10.05,-205.424270745706
80,9.95,76.8636455102138
80,9.951,76.4289175065065
80,9.952,75.9934789670891
80,9.953,75.5573415896478
80,9.954,75.1205172766965
80,9.955,74.6830181340437
80,9.956,74.2448564691353
80,9.957,73.8060447892601
80,9.958,73.3665957996324
80,9.959,72.9265224013423
80,9.96,72.4858376891732
80,9.961,72.0445549492923
80,9.962,71.6026876568082
80,9.963,71.160249473198
80,9.964,70.7172542436071
80,9.965,70.2737159940159
80,9.966,69.8296489282835
80,9.967,69.3850674250547
80,9.968,68.9399860345488
80,9.969,68.4944194752187
80,9.97,68.0483826302852
80,9.971,67.6018905441505
80,9.972,67.1549584186877
80,9.973,66.7076016094145
80,9.974,66.2598356215458
80,9.975,65.8116761059323
80,9.976,65.3631388548889
80,9.977,64.9142397979057
80,9.978,64.4649949972588
80,9.979,64.0154206435099
80,9.98,63.5655330509064
80,9.981,63.1153486526819
80,9.982,62.6648839962604
80,9.983,62.2141557383661
80,9.984,61.7631806400469
80,9.985,61.3119755616093
80,9.986,60.8605574574747
80,9.987,60.4089433709522
80,9.988,59.9571504289436
80,9.989,59.5051958365729
80,9.99,59.0530968717535
80,9.991,58.600870879693
80,9.992,58.1485352673384
80,9.993,57.6961074977728
80,9.994,57.2436050845603
80,9.995,56.7910455860489
80,9.996,56.338446599636
80,9.997,55.8858257559955
80,9.998,55.4332007132809
80,9.999,54.9805891513001
80,10,54.5280087656738
80,10.001,54.0754772619765
80,10.002,53.6230123498692
80,10.003,53.1706317372293
80,10.004,52.7183531242765
80,10.005,52.2661941977091
80,10.006,51.8141726248475
80,10.007,51.3623060477932
80,10.008,50.9106120776078
80,10.009,50.4591082885216
80,10.01,50.0078122121634
80,10.011,49.5567413318326
80,10.012,49.1059130768119
80,10.013,48.6553448167134
80,10.014,48.2050538558862
80,10.015,47.7550574278714
80,10.016,47.3053726899149
80,10.017,46.8560167175426
80,10.018,46.4070064992048
80,10.019,45.9583589309888
80,10.02,45.510090811406
80,10.021,45.0622188362585
80,10.022,44.6147595935917
80,10.023,44.1677295587246
80,10.024,43.7211450893809
80,10.025,43.2750224209047
80,10.026,42.8293776615763
80,10.027,42.384226788029
80,10.028,41.9395856407675
80,10.029,41.4954699197909
80,10.03,41.0518951803257
80,10.031,40.6088768286691
80,10.032,40.1664301181508
80,10.033,39.724570145198
80,10.034,39.2833118455329
80,10.035,38.8426699904799
80,10.036,38.4026591833994
80,10.037,37.9632938562441
80,10.038,37.5245882662372
80,10.039,37.0865564926794
80,10.04,36.6492124338831
80,10.041,36.2125698042337
80,10.042,35.7766421313787
80,10.043,35.3414427535495
80,10.044,34.9069848170099
80,10.045,34.4732812736382
80,10.046,34.0403448786368
80,10.047,33.6081881883752
80,10.048,33.1768235583631
80,10.049,32.7462631413516
80,10.05,32.3165188855667
90,9.95,-38.3825325686339
90,9.951,-38.8279351588222
90,9.952,-39.2741112245709
90,9.953,-39.7210503309569
90,9.954,-40.168741824861
90,9.955,-40.6171748355293
90,9.956,-41.0663382752568
90,9.957,-41.5162208402043
90,9.958,-41.9668110113373
90,9.959,-42.4180970554959
90,9.96,-42.8700670265987
90,9.961,-43.3227087669745
90,9.962,-43.7760099088307
90,9.963,-44.229957875855
90,9.964,-44.6845398849507
90,9.965,-45.13974294811
90,9.966,-45.5955538744199
90,9.967,-46.0519592722109
90,9.968,-46.5089455513364
90,9.969,-46.9664989255911
90,9.97,-47.4246054152681
90,9.971,-47.8832508498493
90,9.972,-48.3424208708356
90,9.973,-48.8021009347085
90,9.974,-49.2622763160308
90,9.975,-49.7229321106787
90,9.976,-50.1840532392058
90,9.977,-50.6456244503436
90,9.978,-51.1076303246257
90,9.979,-51.570055278146
90,9.98,-52.0328835664408
90,9.981,-52.4960992884963
90,9.982,-52.9596863908793
90,9.983,-53.4236286719898
90,9.984,-53.8879097864279
90,9.985,-54.3525132494808
90,9.986,-54.8174224417173
90,9.987,-55.2826206136988
90,9.988,-55.7480908907896
90,9.989,-56.2138162780763
90,9.99,-56.6797796653842
90,9.991,-57.14596383239
90,9.992,-57.61235145383
90,9.993,-58.078925104793
90,9.994,-58.5456672661019
90,9.995,-59.0125603297743
90,9.996,-59.4795866045577
90,9.997,-59.9467283215424
90,9.998,-60.4139676398361
90,9.999,-60.881286652305
90,10,-61.3486673913718
90,10.001,-61.8160918348694
90,10.002,-62.2835419119413
90,10.003,-62.7509995089861
90,10.004,-63.2184464756434
90,10.005,-63.6858646308096
90,10.006,-64.1532357686854
90,10.007,-64.6205416648461
90,10.008,-65.0877640823312
90,10.009,-65.5548847777424
90,10.01,-66.0218855073582
90,10.011,-66.4887480332434
90,10.012,-66.9554541293552
90,10.013,-67.4219855876524
90,10.014,-67.8883242241785
90,10.015,-68.3544518851322
90,10.016,-68.8203504529154
90,10.017,-69.2860018521506
90,10.018,-69.7513880556638
90,10.019,-70.2164910904291
90,10.02,-70.681293043471
90,10.021,-71.1457760677166
90,10.022,-71.6099223877906
90,10.023,-72.0737143057602
90,10.024,-72.5371342068066
90,10.025,-73.000164564837
90,10.026,-73.4627879480207
90,10.027,-73.9249870242482
90,10.028,-74.3867445665101
90,10.029,-74.8480434581924
90,10.03,-75.3088666982814
90,10.031,-75.7691974064763
90,10.032,-76.229018828201
90,10.033,-76.6883143395271
90,10.034,-77.1470674519804
90,10.035,-77.6052618172489
90,10.036,-78.0628812317775
90,10.037,-78.5199096412497
90,10.038,-78.9763311449564
90,10.039,-79.4321300000444
90,10.04,-79.8872906256434
90,10.041,-80.341797606871
90,10.042,-80.795635698714
90,10.043,-81.2487898297795
90,10.044,-81.7012451059208
90,10.045,-82.1529868137285
90,10.046,-82.6040004238948
90,10.047,-83.05427159444
90,10.048,-83.503786173807
90,10.049,-83.9525302038214
90,10.05,-84.4004899225149
100,9.95,-157.197393687716
100,9.951,-157.652752725012
100,9.952,-158.108884432856
100,9.953,-158.565778916124
100,9.954,-159.023426072823
100,9.955,-159.481815594458
100,9.956,-159.940936966491
100,9.957,-160.400779468931
100,9.958,-160.861332177026
100,9.959,-161.322583962084
100,9.96,-161.784523492404
100,9.961,-162.247139234333
100,9.962,-162.710419453437
100,9.963,-163.174352215803
100,9.964,-163.638925389458
100,9.965,-164.104126645913
100,9.966,-164.56994346183
100,9.967,-165.036363120822
100,9.968,-165.503372715368
100,9.969,-165.97095914886
100,9.97,-166.439109137777
100,9.971,-166.907809213977
100,9.972,-167.377045727131
100,9.973,-167.846804847262
100,9.974,-168.317072567429
100,9.975,-168.787834706521
100,9.976,-169.259076912183
100,9.977,-169.730784663865
100,9.978,-170.202943275991
100,9.979,-170.675537901246
100,9.98,-171.148553533992
100,9.981,-171.621975013794
100,9.982,-172.095787029065
100,9.983,-172.569974120827
100,9.984,-173.044520686586
100,9.985,-173.519410984315
100,9.986,-173.994629136543
100,9.987,-174.470159134564
100,9.988,-174.945984842731
100,9.989,-175.422090002865
100,9.99,-175.898458238755
100,9.991,-176.375073060757
100,9.992,-176.851917870485
100,9.993,-177.328975965587
100,9.994,-177.806230544611
100,9.995,-178.283664711953
100,9.996,-178.76126148288
100,9.997,-179.239003788632
100,9.998,-179.71687448159
100,9.999,-180.194856340517
100,10,-180.672932075857
100,10.001,-181.151084335096
100,10.002,-181.629295708173
100,10.003,-182.107548732948
100,10.004,-182.585825900712
100,10.005,-183.064109661735
100,10.006,-183.542382430858
100,10.007,-184.020626593112
100,10.008,-184.49882450937
100,10.009,-184.976958522011
100,10.01,-185.455010960615
100,10.011,-185.932964147668
100,10.012,-186.410800404265
100,10.013,-186.888502055832
100,10.014,-187.366051437842
100,10.015,-187.843430901518
100,10.016,-188.320622819537
100,10.017,-188.797609591708
100,10.018,-189.274373650642
100,10.019,-189.750897467382
100,10.02,-190.227163557021
100,10.021,-190.70315448427
100,10.022,-191.178852869
100,10.023,-191.654241391732
100,10.024,-192.129302799083
100,10.025,-192.604019909165
100,10.026,-193.078375616917
100,10.027,-193.552352899386
100,10.028,-194.025934820937
100,10.029,-194.499104538402
100,10.03,-194.971845306148
100,10.031,-195.444140481076
100,10.032,-195.915973527531
100,10.033,-196.387328022142
100,10.034,-196.85818765856
100,10.035,-197.32853625212
100,10.036,-197.798357744394
100,10.037,-198.267636207661
100,10.038,-198.736355849274
100,10.039,-199.204501015915
100,10.04,-199.672056197763
100,10.041,-200.139006032535
100,10.042,-200.605335309434
100,10.043,-201.071028972973
100,10.044,-201.536072126692
100,10.045,-202.000450036756
100,10.046,-202.464148135437
100,10.047,-202.927152024477
100,10.048,-203.389447478325
100,10.049,-203.851020447262
100,10.05,-204.311857060393
110,9.95,92.589304179571
110,9.951,92.071936208405
110,9.952,91.5540827990097
110,9.953,91.0357558094665
110,9.954,90.5169672142967
110,9.955,89.997729103345
110,9.956,89.4780536806139
110,9.957,88.9579532630369
110,9.958,88.437440279206
110,9.959,87.9165272680425
110,9.96,87.3952268774115
110,9.961,86.8735518626865
110,9.962,86.3515150852563
110,9.963,85.8291295109783
110,9.964,85.3064082085785
110,9.965,84.7833643479951
110,9.966,84.2600111986717
110,9.967,83.7363621277882
110,9.968,83.2124305984461
110,9.969,82.6882301677956
110,9.97,82.163774485108
110,9.971,81.6390772897981
110,9.972,81.1141524093892
110,9.973,80.5890137574293
110,9.974,80.0636753313517
110,9.975,79.5381512102857
110,9.976,79.0124555528166
110,9.977,78.4866025946909
110,9.978,77.9606066464774
110,9.979,77.4344820911733
110,9.98,76.9082433817656
110,9.981,76.3819050387434
110,9.982,75.8554816475626
110,9.983,75.3289878560645
110,9.984,74.8024383718513
110,9.985,74.2758479596148
110,9.986,73.7492314384253
110,9.987,73.2226036789742
110,9.988,72.695979600781
110,9.989,72.1693741693565
110,9.99,71.6428023933305
110,9.991,71.1162793215426
110,9.992,70.5898200400948
110,9.993,70.0634396693738
110,9.994,69.5371533610378
110,9.995,69.0109762949729
110,9.996,68.4849236762224
110,9.997,67.9590107318828
110,9.998,67.4332527079786
110,9.999,66.9076648663096
110,10,66.3822624812775
110,10.001,65.8570608366878
110,10.002,65.3320752225349
110,10.003,64.8073209317705
110,10.004,64.2828132570516
110,10.005,63.7585674874798
110,10.006,63.234598905326
110,10.007,62.7109227827438
110,10.008,62.1875543784752
110,10.009,61.6645089345553
110,10.01,61.1418016730016
110,10.011,60.6194477925104
110,10.012,60.097462465154
110,10.013,59.5758608330666
110,10.014,59.0546580051483
110,10.015,58.5338690537683
110,10.016,58.0135090114747
110,10.017,57.4935928677156
110,10.018,56.974135565573
110,10.019,56.4551519985089
110,10.02,55.9366570071263
110,10.021,55.4186653759476
110,10.022,54.9011918302183
110,10.023,54.3842510327208
110,10.024,53.8678575806251
110,10.025,53.3520260023539
110,10.026,52.8367707544803
110,10.027,52.3221062186547
110,10.028,51.8080466985614
110,10.029,51.2946064169075
110,10.03,50.781799512447
110,10.031,50.2696400370414
110,10.032,49.7581419527633
110,10.033,49.2473191290257
110,10.034,48.7371853397691
110,10.035,48.2277542606809
110,10.036,47.7190394664639
110,10.037,47.2110544281504
110,10.038,46.7038125104616
110,10.039,46.1973269692171
110,10.04,45.691610948797
110,10.041,45.1866774796528
110,10.042,44.682539475871
110,10.043,44.1792097327935
110,10.044,43.6767009246901
110,10.045,43.1750256024906
110,10.046,42.6741961915705
110,10.047,42.1742249895993
110,10.048,41.6751241644455
110,10.049,41.176905752142
110,10.05,40.6795816549127
120,9.95,-37.2641004676127
120,9.951,-37.7445744201015
120,9.952,-38.2257849666002
120,9.953,-38.707720601824
120,9.954,-39.1903696205446
120,9.955,-39.6737201186705
120,9.956,-40.1577599944423
120,9.957,-40.6424769497541
120,9.958,-41.1278584915877
120,9.959,-41.6138919335696
120,9.96,-42.1005643976524
120,9.961,-42.5878628159132
120,9.962,-43.0757739324778
120,9.963,-43.5642843055668
120,9.964,-44.0533803096627
120,9.965,-44.5430481378028
120,9.966,-45.0332738039891
120,9.967,-45.5240431457292
120,9.968,-46.0153418266916
120,9.969,-46.5071553394841
120,9.97,-46.9994690085564
120,9.971,-47.492267993217
120,9.972,-47.9855372907746
120,9.973,-48.4792617397923
120,9.974,-48.9734260234619
120,9.975,-49.4680146730914
120,9.976,-49.9630120717046
120,9.977,-50.4584024577574
120,9.978,-50.9541699289576
120,9.979,-51.450298446197
120,9.98,-51.9467718375876
120,9.981,-52.4435738025997
120,9.982,-52.9406879163035
120,9.983,-53.4380976337079
120,9.984,-53.9357862941933
120,9.985,-54.4337371260399
120,9.986,-54.9319332510411
120,9.987,-55.4303576892105
120,9.988,-55.9289933635641
120,9.989,-56.4278231049885
120,9.99,-56.9268296571823
120,9.991,-57.4259956816702
120,9.992,-57.9253037628886
120,9.993,-58.4247364133327
120,9.994,-58.9242760787685
120,9.995,-59.4239051434998
120,9.996,-59.9236059356872
120,9.997,-60.4233607327207
120,9.998,-60.923151766632
120,9.999,-61.4229612295497
120,10,-61.9227712791891
120,10.001,-62.4225640443756
120,10.002,-62.9223216305931
120,10.003,-63.422026125555
120,10.004,-63.9216596047949
120,10.005,-64.4212041372685
120,10.006,-64.9206417909646
120,10.007,-65.4199546385217
120,10.008,-65.9191247628434
120,10.009,-66.4181342627039
120,10.01,-66.9169652583539
120,10.011,-67.4155998971019
120,10.012,-67.9140203588775
120,10.013,-68.4122088617812
120,10.014,-68.9101476675927
120,10.015,-69.4078190872534
120,10.016,-69.9052054863118
120,10.017,-70.402289290326
120,10.018,-70.8990529902195
120,10.019,-71.3954791475877
120,10.02,-71.8915503999515
120,10.021,-72.3872494659516
120,10.022,-72.8825591504765
120,10.023,-73.3774623497333
120,10.024,-73.8719420562371
120,10.025,-74.3659813637357
120,10.026,-74.8595634720529
120,10.027,-75.3526716918504
120,10.028,-75.8452894493057
120,10.029,-76.3374002907046
120,10.03,-76.8289878869411
120,10.031,-77.3200360379239
120,10.032,-77.810528676882
120,10.033,-78.3004498745834
120,10.034,-78.7897838434373
120,10.035,-79.2785149415023
120,10.036,-79.7666276763818
120,10.037,-80.2541067090137
120,10.038,-80.7409368573497
120,10.039,-81.2271030999206
120,10.04,-81.7125905792867
120,10.041,-82.1973846053731
120,10.042,-82.6814706586896
120,10.043,-83.1648343934274
120,10.044,-83.6474616404412
120,10.045,-84.1293384101058
120,10.046,-84.6104508950562
120,10.047,-85.0907854728003
120,10.048,-85.5703287082122
120,10.049,-86.0490673559021
120,10.05,-86.5269883624623
130,9.95,-147.070798909944
130,9.951,-147.597284688786
130,9.952,-148.124314575113
130,9.953,-148.651877199566
130,9.954,-149.1799610553
130,9.955,-149.70855449877
130,9.956,-150.237645750573
130,9.957,-150.767222896375
130,9.958,-151.297273887893
130,9.959,-151.827786543952
130,9.96,-152.358748551613
130,9.961,-152.89014746737
130,9.962,-153.421970718417
130,9.963,-153.954205603996
130,9.964,-154.486839296801
130,9.965,-155.019858844471
130,9.966,-155.55325117114
130,9.967,-156.087003079075
130,9.968,-156.621101250378
130,9.969,-157.155532248759
130,9.97,-157.690282521388
130,9.971,-158.225338400818
130,9.972,-158.760686106979
130,9.973,-159.296311749244
130,9.974,-159.832201328568
130,9.975,-160.368340739703
130,9.976,-160.904715773473
130,9.977,-161.441312119133
130,9.978,-161.978115366784
130,9.979,-162.515111009873
130,9.98,-163.052284447745
130,9.981,-163.589620988275
130,9.982,-164.127105850558
130,9.983,-164.664724167675
130,9.984,-165.202460989508
130,9.985,-165.740301285633
130,9.986,-166.278229948267
130,9.987,-166.816231795276
130,9.988,-167.354291573248
130,9.989,-167.892393960613
130,9.99,-168.430523570831
130,9.991,-168.968664955625
130,9.992,-169.506802608274
130,9.993,-170.04492096695
130,9.994,-170.58300441811
130,9.995,-171.121037299933
130,9.996,-171.659003905798
130,9.997,-172.196888487818
130,9.998,-172.734675260396
130,9.999,-173.272348403838
130,10,-173.80989206799
130,10.001,-174.347290375917
130,10.002,-174.884527427612
130,10.003,-175.421587303731
130,10.004,-175.95845406936
130,10.005,-176.495111777809
130,10.006,-177.031544474415
130,10.007,-177.567736200386
130,10.008,-178.103670996644
130,10.009,-178.639332907688
130,10.01,-179.174705985477
130,10.011,-179.709774293312
130,10.012,-180.244521909723
130,10.013,-180.77893293238
130,10.014,-181.312991481978
130,10.015,-181.846681706139
130,10.016,-182.379987783304
130,10.017,-182.912893926624
130,10.018,-183.44538438783
130,10.019,-183.977443461099
130,10.02,-184.509055486908
130,10.021,-185.040204855867
130,10.022,-185.570876012523
130,10.023,-186.101053459164
130,10.024,-186.630721759569
130,10.025,-187.159865542756
130,10.026,-187.688469506684
130,10.027,-188.216518421928
130,10.028,-188.743997135313
130,10.029,-189.270890573522
130,10.03,-189.797183746649
130,10.031,-190.322861751723
130,10.032,-190.847909776174
130,10.033,-191.372313101265
130,10.034,-191.896057105466
130,10.035,-192.419127267779
130,10.036,-192.94150917101
130,10.037,-193.463188504986
130,10.038,-193.984151069713
130,10.039,-194.504382778477
130,10.04,-195.02386966088
130,10.041,-195.542597865819
130,10.042,-196.060553664395
130,10.043,-196.577723452761
130,10.044,-197.094093754896
130,10.045,-197.609651225317
130,10.046,-198.124382651715
130,10.047,-198.638274957527
130,10.048,-199.15131520442
130,10.049,-199.663490594722
130,10.05,-200.174788473761
140,9.95,89.0128788094726
140,9.951,88.5010451225832
140,9.952,87.9884672373604
140,9.953,87.4751560031145
140,9.954,86.9611224544955
140,9.955,86.4463778109853
140,9.956,85.9309334762972
140,9.957,85.4148010376682
140,9.958,84.8979922650606
140,9.959,84.38051911026
140,9.96,83.8623937058687
140,9.961,83.3436283642015
140,9.962,82.8242355760739
140,9.963,82.3042280094864
140,9.964,81.7836185082063
140,9.965,81.2624200902396
140,9.966,80.7406459462027
140,9.967,80.2183094375784
140,9.968,79.6954240948724
140,9.969,79.1720036156614
140,9.97,78.6480618625297
140,9.971,78.1236128609037
140,9.972,77.598670796775
140,9.973,77.0732500143198
140,9.974,76.5473650134097
140,9.975,76.0210304470165
140,9.976,75.4942611185142
140,9.977,74.9670719788712
140,9.978,74.4394781237446
140,9.979,73.9114947904665
140,9.98,73.383137354932
140,9.981,72.8544213283858
140,9.982,72.3253623541089
140,9.983,71.7959762040076
140,9.984,71.2662787751084
140,9.985,70.7362860859559
140,9.986,70.206014272922
140,9.987,69.6754795864188
140,9.988,69.1446983870303
140,9.989,68.6136871415518
140,9.99,68.0824624189495
140,9.991,67.5510408862378
140,9.992,67.0194393042763
140,9.993,66.4876745234935
140,9.994,65.9557634795347
140,9.995,65.4237231888406
140,9.996,64.8915707441606
140,9.997,64.3593233099963
140,9.998,63.8269981179897
140,9.999,63.2946124622504
140,10,62.76218369463
140,10.001,62.2297292199429
140,10.002,61.6972664911423
140,10.003,61.1648130044516
140,10.004,60.6323862944532
140,10.005,60.1000039291441
140,10.006,59.567683504957
140,10.007,59.0354426417514
140,10.008,58.5032989777797
140,10.009,57.971270164637
140,10.01,57.4393738621833
140,10.011,56.9076277334615
140,10.012,56.3760494396069
140,10.013,55.8446566347381
140,10.014,55.3134669608625
140,10.015,54.7824980427758
140,10.016,54.2517674829688
140,10.017,53.7212928565457
140,10.018,53.1910917061583
140,10.019,52.6611815369573
140,10.02,52.1315798115652
140,10.021,51.6023039450759
140,10.022,51.0733713000898
140,10.023,50.5447991817717
140,10.024,50.01660483296
140,10.025,49.4888054293067
140,10.026,48.9614180744677
140,10.027,48.4344597953424
140,10.028,47.907947537364
140,10.029,47.3818981598455
140,10.03,46.8563284313856
140,10.031,46.3312550253369
140,10.032,45.806694515345
140,10.033,45.2826633709433
140,10.034,44.7591779532342
140,10.035,44.2362545106367
140,10.036,43.7139091747146
140,10.037,43.1921579560854
140,10.038,42.6710167404096
140,10.039,42.1505012844675
140,10.04,41.6306272123243
140,10.041,41.1114100115851
140,10.042,40.5928650297395
140,10.043,40.0750074706053
140,10.044,39.5578523908634
140,10.045,39.0414146966952
140,10.046,38.5257091405155
140,10.047,38.0107503178103
140,10.048,37.4965526640754
140,10.049,36.983130451858
140,10.05,36.470497787904
150,9.95,-30.1734958726507
150,9.951,-30.6920441663048
150,9.952,-31.2113755258738
150,9.953,-31.7314794022497
150,9.954,-32.2523450605622
150,9.955,-32.7739615803772
150,9.956,-33.2963178559805
150,9.957,-33.8194025967643
150,9.958,-34.3432043276984
150,9.959,-34.8677113899006
150,9.96,-35.3929119413066
150,9.961,-35.9187939574331
150,9.962,-36.4453452322448
150,9.963,-36.9725533791206
150,9.964,-37.50040583192
150,9.965,-38.0288898461554
150,9.966,-38.5579925002622
150,9.967,-39.0877006969827
150,9.968,-39.6180011648458
150,9.969,-40.1488804597561
150,9.97,-40.680324966691
150,9.971,-41.2123209015
150,9.972,-41.7448543128153
150,9.973,-42.2779110840657
150,9.974,-42.8114769355997
150,9.975,-43.3455374269154
150,9.976,-43.8800779589945
150,9.977,-44.4150837767489
150,9.978,-44.9505399715656
150,9.979,-45.4864314839639
150,9.98,-46.0227431063538
150,9.981,-46.5594594858985
150,9.982,-47.0965651274822
150,9.983,-47.6340443967795
150,9.984,-48.1718815234238
150,9.985,-48.7100606042789
150,9.986,-49.2485656068043
150,9.987,-49.7873803725244
150,9.988,-50.3264886205846
150,9.989,-50.865873951408
150,9.99,-51.4055198504393
150,9.991,-51.9454096919785
150,9.992,-52.4855267431057
150,9.993,-53.0258541676853
150,9.994,-53.5663750304579
150,9.995,-54.1070723012105
150,9.996,-54.6479288590218
150,9.997,-55.1889274965888
150,9.998,-55.7300509246192
150,9.999,-56.2712817762966
150,10,-56.8126026118092
150,10.001,-57.3539959229455
150,10.002,-57.8954441377461
150,10.003,-58.4369296252131
150,10.004,-58.9784347000751
150,10.005,-59.519941627598
150,10.006,-60.0614326284442
150,10.007,-60.6028898835752
150,10.008,-61.1442955391929
150,10.009,-61.6856317117113
150,10.01,-62.2268804927695
150,10.011,-62.7680239542634
150,10.012,-63.3090441534007
150,10.013,-63.8499231377878
150,10.014,-64.3906429505177
150,10.015,-64.9311856352777
150,10.016,-65.4715332414643
150,10.017,-66.011667829302
150,10.018,-66.55157147496
150,10.019,-67.091226275666
150,10.02,-67.6306143548138
150,10.021,-68.1697178670572
150,10.022,-68.7085190033845
150,10.023,-69.2469999961821
150,10.024,-69.785143124262
150,10.025,-70.3229307178722
150,10.026,-70.8603451636701
150,10.027,-71.39736890966
150,10.028,-71.9339844700926
150,10.029,-72.4701744303227
150,10.03,-73.0059214516185
150,10.031,-73.541208275921
150,10.032,-74.0760177305453
150,10.033,-74.6103327328375
150,10.034,-75.1441362947554
150,10.035,-75.6774115273958
150,10.036,-76.2101416454498
150,10.037,-76.7423099715895
150,10.038,-77.2738999407823
150,10.039,-77.8048951045286
150,10.04,-78.335279135019
150,10.041,-78.8650358292115
150,10.042,-79.394149112826
150,10.043,-79.9226030442483
150,10.044,-80.4503818183497
150,10.045,-80.9774697702109
150,10.046,-81.5038513787571
150,10.047,-82.0295112702937
150,10.048,-82.5544342219471
150,10.049,-83.0786051650068
150,10.05,-83.6020091881667
160,9.95,-138.390378923985
160,9.951,-138.967210002788
160,9.952,-139.544545759691
160,9.953,-140.122373475175
160,9.954,-140.700680361254
160,9.955,-141.279453562462
160,9.956,-141.858680156842
160,9.957,-142.438347156943
160,9.958,-143.018441510803
160,9.959,-143.598950102948
160,9.96,-144.17985975538
160,9.961,-144.761157228577
160,9.962,-145.342829222488
160,9.963,-145.924862377532
160,9.964,-146.507243275605
160,9.965,-147.089958441081
160,9.966,-147.672994341822
160,9.967,-148.256337390195
160,9.968,-148.83997394409
160,9.969,-149.423890307941
160,9.97,-150.00807273376
160,9.971,-150.592507422169
160,9.972,-151.177180523448
160,9.973,-151.762078138583
160,9.974,-152.347186320326
160,9.975,-152.932491074265
160,9.976,-153.517978359899
160,9.977,-154.103634091732
160,9.978,-154.689444140369
160,9.979,-155.275394333628
160,9.98,-155.861470457665
160,9.981,-156.447658258114
160,9.982,-157.033943441231
160,9.983,-157.620311675069
160,9.984,-158.206748590656
160,9.985,-158.793239783191
160,9.986,-159.37977081326
160,9.987,-159.966327208071
160,9.988,-160.552894462702
160,9.989,-161.13945804137
160,9.99,-161.726003378722
160,9.991,-162.312515881144
160,9.992,-162.898980928093
160,9.993,-163.485383873446
160,9.994,-164.071710046876
160,9.995,-164.657944755251
160,9.996,-165.244073284049
160,9.997,-165.830080898807
160,9.998,-166.415952846589
160,9.999,-167.001674357478
160,10,-167.587230646091
160,10.001,-168.172606913128
160,10.002,-168.757788346941
160,10.003,-169.342760125127
160,10.004,-169.927507416151
160,10.005,-170.512015380997
160,10.006,-171.096269174843
160,10.007,-171.680253948762
160,10.008,-172.263954851457
160,10.009,-172.847357031009
160,10.01,-173.430445636672
160,10.011,-174.013205820679
160,10.012,-174.595622740074
160,10.013,-175.17768155859
160,10.014,-175.759367448531
160,10.015,-176.340665592693
160,10.016,-176.921561186307
160,10.017,-177.502039439012
160,10.018,-178.082085576843
160,10.019,-178.661684844257
160,10.02,-179.240822506172
160,10.021,-179.819483850042
160,10.022,-180.397654187933
160,10.023,-180.975318858654
160,10.024,-181.552463229874
160,10.025,-182.12907270029
160,10.026,-182.705132701795
160,10.027,-183.280628701675
160,10.028,-183.855546204817
160,10.029,-184.429870755944
160,10.03,-185.003587941859
160,10.031,-185.576683393704
160,10.032,-186.149142789228
160,10.033,-186.72095185509
160,10.034,-187.292096369141
160,10.035,-187.862562162746
160,10.036,-188.432335123092
160,10.037,-189.001401195516
160,10.038,-189.569746385843
160,10.039,-190.137356762716
160,10.04,-190.704218459938
160,10.041,-191.270317678815
160,10.042,-191.835640690499
160,10.043,-192.400173838332
160,10.044,-192.963903540183
160,10.045,-193.526816290783
160,10.046,-194.088898664062
160,10.047,-194.650137315465
160,10.048,-195.21051898427
160,10.049,-195.770030495894
160,10.05,-196.328658764184
170,9.95,91.6100813039936
170,9.951,91.0713055011389
170,9.952,90.5317272557034
170,9.953,89.991357964486
170,9.954,89.4502092057691
170,9.955,88.9082927387858
170,9.956,88.3656205031012
170,9.957,87.8222046178928
170,9.958,87.2780573811482
170,9.959,86.7331912687649
170,9.96,86.1876189335536
170,9.961,85.6413532041509
170,9.962,85.0944070838311
170,9.963,84.5467937492216
170,9.964,83.998526548923
170,9.965,83.4496190020264
170,9.966,82.9000847965375
170,9.967,82.3499377876925
170,9.968,81.7991919961816
170,9.969,81.2478616062703
170,9.97,80.6959609638178
170,9.971,80.1435045741988
170,9.972,79.5905071001211
170,9.973,79.0369833593471
170,9.974,78.4829483223119
170,9.975,77.9284171096429
170,9.976,77.3734049895834
170,9.977,76.8179273753113
170,9.978,76.2619998221667
170,9.979,75.7056380247781
170,9.98,75.1488578140947
170,9.981,74.5916751543242
170,9.982,74.0341061397748
170,9.983,73.4761669916058
170,9.984,72.9178740544881
170,9.985,72.3592437931731
170,9.986,71.800292788977
170,9.987,71.2410377361727
170,9.988,70.6814954383053
170,9.989,70.121682804418
170,9.99,69.5616168452025
170,9.991,69.0013146690694
170,9.992,68.4407934781414
170,9.993,67.8800705641763
170,9.994,67.3191633044155
170,9.995,66.7580891573652
170,9.996,66.1968656585148
170,9.997,65.6355104159859
170,9.998,65.0740411061269
170,9.999,64.5124754690474
170,10,63.9508313041007
170,10.001,63.3891264653118
170,10.002,62.8273788567597
170,10.003,62.2656064279165
170,10.004,61.7038271689401
170,10.005,61.1420591059347
170,10.006,60.5803202961735
170,10.007,60.0186288232898
170,10.008,59.4570027924407
170,10.009,58.8954603254522
170,10.01,58.3340195559329
170,10.011,57.7726986243807
170,10.012,57.2115156732768
170,10.013,56.6504888421579
170,10.014,56.0896362626978
170,10.015,55.5289760537792
170,10.016,54.9685263165676
170,10.017,54.4083051295913
170,10.018,53.8483305438326
170,10.019,53.2886205778297
170,10.02,52.7291932127949
170,10.021,52.1700663877529
170,10.022,51.6112579947084
170,10.023,51.05278587383
170,10.024,50.4946678086787
170,10.025,49.93692152146
170,10.026,49.3795646683189
170,10.027,48.8226148346775
170,10.028,48.2660895306157
170,10.029,47.7100061862995
170,10.03,47.1543821474616
170,10.031,46.599234670937
170,10.032,46.0445809202613
170,10.033,45.4904379613157
170,10.034,44.9368227580523
170,10.035,44.3837521682748
170,10.036,43.8312429394952
170,10.037,43.2793117048594
170,10.038,42.7279749791472
170,10.039,42.1772491548506
170,10.04,41.627150498333
170,10.041,41.0776951460686
170,10.042,40.5288991009648
170,10.043,39.9807782287744
170,10.044,39.4333482545915
170,10.045,38.8866247594423
170,10.046,38.3406231769619
170,10.047,37.7953587901702
170,10.048,37.2508467283395
170,10.049,36.7071019639581
170,10.05,36.1641393097921
180,9.95,-22.5065804389687
180,9.951,-23.0609947276687
180,9.952,-23.6162150904554
180,9.953,-24.1722310586689
180,9.954,-24.7290319983797
180,9.955,-25.2866071101489
180,9.956,-25.8449454288475
180,9.957,-26.4040358235516
180,9.958,-26.9638669974952
180,9.959,-27.5244274880955
180,9.96,-28.0857056670514
180,9.961,-28.6476897405093
180,9.962,-29.2103677493061
180,9.963,-29.7737275692871
180,9.964,-30.3377569116983
180,9.965,-30.90244332366
180,9.966,-31.4677741887142
180,9.967,-32.0337367274618
180,9.968,-32.6003179982738
180,9.969,-33.1675048980876
180,9.97,-33.7352841632907
180,9.971,-34.3036423706857
180,9.972,-34.8725659385455
180,9.973,-35.4420411277527
180,9.974,-36.0120540430295
180,9.975,-36.5825906342566
180,9.976,-37.153636697879
180,9.977,-37.7251778784085
180,9.978,-38.29719967001
180,9.979,-38.8696874181855
180,9.98,-39.4426263215465
180,9.981,-40.0160014336792
180,9.982,-40.5897976651038
180,9.983,-41.1639997853258
180,9.984,-41.7385924249786
180,9.985,-42.3135600780617
180,9.986,-42.8888871042663
180,9.987,-43.4645577314017
180,9.988,-44.0405560579036
180,9.989,-44.6168660554418
180,9.99,-45.1934715716146
180,9.991,-45.7703563327333
180,9.992,-46.3475039466998
180,9.993,-46.9248979059676
180,9.994,-47.5025215905941
180,9.995,-48.0803582713789
180,9.996,-48.6583911130832
180,9.997,-49.2366031777409
180,9.998,-49.8149774280445
180,9.999,-50.3934967308164
180,10,-50.9721438605564
180,10.001,-51.5509015030707
180,10.002,-52.129752259173
180,10.003,-52.7086786484599
180,10.004,-53.2876631131606
180,10.005,-53.8666880220524
180,10.006,-54.4457356744449
180,10.007,-55.0247883042309
180,10.008,-55.6038280839987
180,10.009,-56.1828371291993
180,10.01,-56.7617975023818
180,10.011,-57.3406912174736
180,10.012,-57.9195002441116
180,10.013,-58.4982065120358
180,10.014,-59.0767919155122
180,10.015,-59.6552383178082
180,10.016,-60.2335275557059
180,10.017,-60.8116414440527
180,10.018,-61.3895617803431
180,10.019,-61.9672703493323
180,10.02,-62.5447489276783
180,10.021,-63.1219792886066
180,10.022,-63.6989432065904
180,10.023,-64.2756224620589
180,10.024,-64.8519988461048
180,10.025,-65.4280541652132
180,10.026,-66.0037702459922
180,10.027,-66.5791289399046
180,10.028,-67.1541121280015
180,10.029,-67.7287017256516
180,10.03,-68.3028796872626
180,10.031,-68.8766280109904
180,10.032,-69.4499287434285
180,10.033,-70.022763984294
180,10.034,-70.595115891074
180,10.035,-71.1669666836588
180,10.036,-71.7382986489393
180,10.037,-72.3090941453756
180,10.038,-72.8793356075303
180,10.039,-73.4490055505615
180,10.04,-74.0180865746732
180,10.041,-74.5865613695204
180,10.042,-75.1544127185684
180,10.043,-75.7216235033956
180,10.044,-76.2881767079465
180,10.045,-76.8540554227221
180,10.046,-77.4192428489143
180,10.047,-77.9837223024735
180,10.048,-78.5474772181105
180,10.049,-79.1104911532319
180,10.05,-79.6727477918023
190,9.95,-141.149198779554
190,9.951,-141.720565777158
190,9.952,-142.292677576518
190,9.953,-142.865523064534
190,9.954,-143.439090981535
190,9.955,-144.013369921278
190,9.956,-144.58834833099
190,9.957,-145.164014511486
190,9.958,-145.740356617319
190,9.959,-146.317362657002
190,9.96,-146.895020493292
190,9.961,-147.47331784352
190,9.962,-148.052242279999
190,9.963,-148.631781230483
190,9.964,-149.211921978698
190,9.965,-149.792651664936
190,9.966,-150.373957286708
190,9.967,-150.955825699483
190,9.968,-151.538243617477
190,9.969,-152.121197614521
190,9.97,-152.704674125002
190,9.971,-153.288659444865
190,9.972,-153.873139732702
190,9.973,-154.458101010907
190,9.974,-155.043529166899
190,9.975,-155.629409954436
190,9.976,-156.215728994989
190,9.977,-156.802471779202
190,9.978,-157.389623668426
190,9.979,-157.977169896329
190,9.98,-158.565095570584
190,9.981,-159.153385674639
190,9.982,-159.742025069558
190,9.983,-160.330998495949
190,9.984,-160.920290575964
190,9.985,-161.50988581538
190,9.986,-162.099768605756
190,9.987,-162.689923226675
190,9.988,-163.280333848056
190,9.989,-163.870984532552
190,9.99,-164.461859238016
190,9.991,-165.05294182005
190,9.992,-165.644216034634
190,9.993,-166.235665540817
190,9.994,-166.8272739035
190,9.995,-167.419024596281
190,9.996,-168.010901004374
190,9.997,-168.60288642761
190,9.998,-169.194964083495
190,9.999,-169.787117110347
190,10,-170.379328570497
190,10.001,-170.971581453564
190,10.002,-171.563858679782
190,10.003,-172.156143103405
190,10.004,-172.748417516167
190,10.005,-173.340664650801
190,10.006,-173.932867184623
190,10.007,-174.525007743167
190,10.008,-175.117068903877
190,10.009,-175.70903319985
190,10.01,-176.300883123634
190,10.011,-176.892601131069
190,10.012,-177.484169645172
190,10.013,-178.075571060078
190,10.014,-178.666787745006
190,10.015,-179.257802048275
190,10.016,-179.848596301348
190,10.017,-180.43915282292
190,10.018,-181.029453923024
190,10.019,-181.619481907171
190,10.02,-182.209219080519
190,10.021,-182.79864775206
190,10.022,-183.387750238821
190,10.023,-183.976508870095
190,10.024,-184.564905991672
190,10.025,-185.152923970089
190,10.026,-185.740545196887
190,10.027,-186.327752092867
190,10.028,-186.914527112353
190,10.029,-187.500852747449
190,10.03,-188.086711532302
190,10.031,-188.672086047342
190,10.032,-189.256958923516
190,10.033,-189.841312846525
190,10.034,-190.425130561015
190,10.035,-191.008394874774
190,10.036,-191.59108866289
190,10.037,-192.173194871892
190,10.038,-192.754696523858
190,10.039,-193.335576720492
190,10.04,-193.91581864717
190,10.041,-194.495405576938
190,10.042,-195.074320874488
190,10.043,-195.65254800007
190,10.044,-196.230070513375
190,10.045,-196.806872077357
190,10.046,-197.382936462018
190,10.047,-197.95824754812
190,10.048,-198.532789330863
190,10.049,-199.106545923487
190,10.05,-199.679501560819
